doc_id,annotator,category,label
GT-001,A1,D1_imryd_conclusiones,1.0
GT-001,A1,D1_imryd_metodologia,1.0
GT-001,A1,D1_imryd_objetivo,1.0
GT-001,A1,D1_imryd_resultados,1.0
GT-001,A1,D1_orden_logico,1.0
GT-001,A1,D2_coherencia,2.0
GT-001,A1,D3_conclusion_responde,1.0
GT-001,A1,D3_contextualizacion,1.0
GT-001,A1,D3_metodo_detallado,1.0
GT-001,A1,D3_resultados_concretos,1.0
GT-001,A1,D4_consistencia,3.0
GT-001,A1,no_evaluable,0.0
GT-002,A1,D1_imryd_conclusiones,1.0
GT-002,A1,D1_imryd_metodologia,1.0
GT-002,A1,D1_imryd_objetivo,1.0
GT-002,A1,D1_imryd_resultados,0.0
GT-002,A1,D1_orden_logico,0.0
GT-002,A1,D2_coherencia,2.0
GT-002,A1,D3_conclusion_responde,1.0
GT-002,A1,D3_contextualizacion,0.0
GT-002,A1,D3_metodo_detallado,0.0
GT-002,A1,D3_resultados_concretos,0.0
GT-002,A1,D4_consistencia,2.0
GT-002,A1,no_evaluable,0.0
GT-003,A1,D1_imryd_conclusiones,0.0
GT-003,A1,D1_imryd_metodologia,0.0
GT-003,A1,D1_imryd_objetivo,1.0
GT-003,A1,D1_imryd_resultados,0.0
GT-003,A1,D1_orden_logico,1.0
GT-003,A1,D2_coherencia,3.0
GT-003,A1,D3_conclusion_responde,0.0
GT-003,A1,D3_contextualizacion,0.0
GT-003,A1,D3_metodo_detallado,0.0
GT-003,A1,D3_resultados_concretos,0.0
GT-003,A1,no_evaluable,1.0
GT-004,A1,D1_imryd_conclusiones,1.0
GT-004,A1,D1_imryd_metodologia,1.0
GT-004,A1,D1_imryd_objetivo,1.0
GT-004,A1,D1_imryd_resultados,1.0
GT-004,A1,D1_orden_logico,1.0
GT-004,A1,D2_coherencia,4.0
GT-004,A1,D3_conclusion_responde,1.0
GT-004,A1,D3_contextualizacion,1.0
GT-004,A1,D3_metodo_detallado,1.0
GT-004,A1,D3_resultados_concretos,0.0
GT-004,A1,D4_consistencia,2.0
GT-004,A1,no_evaluable,0.0
GT-005,A1,D1_imryd_conclusiones,0.0
GT-005,A1,D1_imryd_metodologia,1.0
GT-005,A1,D1_imryd_objetivo,1.0
GT-005,A1,D1_imryd_resultados,1.0
GT-005,A1,D1_orden_logico,1.0
GT-005,A1,D2_coherencia,3.0
GT-005,A1,D3_conclusion_responde,0.0
GT-005,A1,D3_contextualizacion,1.0
GT-005,A1,D3_metodo_detallado,1.0
GT-005,A1,D3_resultados_concretos,1.0
GT-005,A1,D4_consistencia,3.0
GT-005,A1,no_evaluable,0.0
GT-006,A1,D1_imryd_conclusiones,0.0
GT-006,A1,D1_imryd_metodologia,1.0
GT-006,A1,D1_imryd_objetivo,1.0
GT-006,A1,D1_imryd_resultados,0.0
GT-006,A1,D1_orden_logico,1.0
GT-006,A1,D2_coherencia,3.0
GT-006,A1,D3_conclusion_responde,0.0
GT-006,A1,D3_contextualizacion,1.0
GT-006,A1,D3_metodo_detallado,1.0
GT-006,A1,D3_resultados_concretos,0.0
GT-006,A1,D4_consistencia,1.0
GT-006,A1,no_evaluable,0.0
GT-007,A1,D1_imryd_conclusiones,0.0
GT-007,A1,D1_imryd_metodologia,1.0
GT-007,A1,D1_imryd_objetivo,1.0
GT-007,A1,D1_imryd_resultados,1.0
GT-007,A1,D1_orden_logico,1.0
GT-007,A1,D2_coherencia,2.0
GT-007,A1,D3_conclusion_responde,0.0
GT-007,A1,D3_contextualizacion,1.0
GT-007,A1,D3_metodo_detallado,1.0
GT-007,A1,D3_resultados_concretos,1.0
GT-007,A1,D4_consistencia,2.0
GT-007,A1,no_evaluable,0.0
GT-008,A1,D1_imryd_conclusiones,1.0
GT-008,A1,D1_imryd_metodologia,1.0
GT-008,A1,D1_imryd_objetivo,1.0
GT-008,A1,D1_imryd_resultados,1.0
GT-008,A1,D1_orden_logico,1.0
GT-008,A1,D2_coherencia,4.0
GT-008,A1,D3_conclusion_responde,1.0
GT-008,A1,D3_contextualizacion,1.0
GT-008,A1,D3_metodo_detallado,1.0
GT-008,A1,D3_resultados_concretos,1.0
GT-008,A1,D4_consistencia,3.0
GT-008,A1,no_evaluable,0.0
GT-009,A1,D1_imryd_conclusiones,1.0
GT-009,A1,D1_imryd_metodologia,1.0
GT-009,A1,D1_imryd_objetivo,1.0
GT-009,A1,D1_imryd_resultados,1.0
GT-009,A1,D1_orden_logico,1.0
GT-009,A1,D2_coherencia,3.0
GT-009,A1,D3_conclusion_responde,1.0
GT-009,A1,D3_contextualizacion,1.0
GT-009,A1,D3_metodo_detallado,1.0
GT-009,A1,D3_resultados_concretos,1.0
GT-009,A1,D4_consistencia,2.0
GT-009,A1,no_evaluable,0.0
GT-010,A1,D1_imryd_conclusiones,0.0
GT-010,A1,D1_imryd_metodologia,1.0
GT-010,A1,D1_imryd_objetivo,1.0
GT-010,A1,D1_imryd_resultados,1.0
GT-010,A1,D1_orden_logico,0.0
GT-010,A1,D2_coherencia,2.0
GT-010,A1,D3_conclusion_responde,0.0
GT-010,A1,D3_contextualizacion,1.0
GT-010,A1,D3_metodo_detallado,1.0
GT-010,A1,D3_resultados_concretos,1.0
GT-010,A1,D4_consistencia,2.0
GT-010,A1,no_evaluable,0.0
GT-011,A1,D1_imryd_conclusiones,1.0
GT-011,A1,D1_imryd_metodologia,1.0
GT-011,A1,D1_imryd_objetivo,1.0
GT-011,A1,D1_imryd_resultados,1.0
GT-011,A1,D1_orden_logico,1.0
GT-011,A1,D2_coherencia,3.0
GT-011,A1,D3_conclusion_responde,1.0
GT-011,A1,D3_contextualizacion,0.0
GT-011,A1,D3_metodo_detallado,1.0
GT-011,A1,D3_resultados_concretos,1.0
GT-011,A1,D4_consistencia,3.0
GT-011,A1,no_evaluable,0.0
GT-012,A1,D1_imryd_conclusiones,1.0
GT-012,A1,D1_imryd_metodologia,1.0
GT-012,A1,D1_imryd_objetivo,1.0
GT-012,A1,D1_imryd_resultados,1.0
GT-012,A1,D1_orden_logico,1.0
GT-012,A1,D2_coherencia,4.0
GT-012,A1,D3_conclusion_responde,1.0
GT-012,A1,D3_contextualizacion,1.0
GT-012,A1,D3_metodo_detallado,1.0
GT-012,A1,D3_resultados_concretos,1.0
GT-012,A1,D4_consistencia,3.0
GT-012,A1,no_evaluable,0.0
GT-013,A1,D1_imryd_conclusiones,1.0
GT-013,A1,D1_imryd_metodologia,1.0
GT-013,A1,D1_imryd_objetivo,1.0
GT-013,A1,D1_imryd_resultados,1.0
GT-013,A1,D1_orden_logico,1.0
GT-013,A1,D2_coherencia,3.0
GT-013,A1,D3_conclusion_responde,1.0
GT-013,A1,D3_contextualizacion,1.0
GT-013,A1,D3_metodo_detallado,1.0
GT-013,A1,D3_resultados_concretos,1.0
GT-013,A1,D4_consistencia,2.0
GT-013,A1,no_evaluable,0.0
GT-014,A1,D1_imryd_conclusiones,1.0
GT-014,A1,D1_imryd_metodologia,1.0
GT-014,A1,D1_imryd_objetivo,1.0
GT-014,A1,D1_imryd_resultados,1.0
GT-014,A1,D1_orden_logico,1.0
GT-014,A1,D2_coherencia,2.0
GT-014,A1,D3_conclusion_responde,1.0
GT-014,A1,D3_contextualizacion,1.0
GT-014,A1,D3_metodo_detallado,0.0
GT-014,A1,D3_resultados_concretos,1.0
GT-014,A1,D4_consistencia,2.0
GT-014,A1,no_evaluable,0.0
GT-015,A1,D1_imryd_conclusiones,1.0
GT-015,A1,D1_imryd_metodologia,1.0
GT-015,A1,D1_imryd_objetivo,1.0
GT-015,A1,D1_imryd_resultados,1.0
GT-015,A1,D1_orden_logico,1.0
GT-015,A1,D2_coherencia,3.0
GT-015,A1,D3_conclusion_responde,1.0
GT-015,A1,D3_contextualizacion,1.0
GT-015,A1,D3_metodo_detallado,1.0
GT-015,A1,D3_resultados_concretos,1.0
GT-015,A1,D4_consistencia,1.0
GT-015,A1,no_evaluable,0.0
GT-016,A1,D1_imryd_conclusiones,1.0
GT-016,A1,D1_imryd_metodologia,1.0
GT-016,A1,D1_imryd_objetivo,1.0
GT-016,A1,D1_imryd_resultados,1.0
GT-016,A1,D1_orden_logico,1.0
GT-016,A1,D2_coherencia,3.0
GT-016,A1,D3_conclusion_responde,1.0
GT-016,A1,D3_contextualizacion,1.0
GT-016,A1,D3_metodo_detallado,1.0
GT-016,A1,D3_resultados_concretos,0.0
GT-016,A1,D4_consistencia,2.0
GT-016,A1,no_evaluable,0.0
GT-017,A1,D1_imryd_conclusiones,1.0
GT-017,A1,D1_imryd_metodologia,1.0
GT-017,A1,D1_imryd_objetivo,1.0
GT-017,A1,D1_imryd_resultados,1.0
GT-017,A1,D1_orden_logico,1.0
GT-017,A1,D2_coherencia,2.0
GT-017,A1,D3_conclusion_responde,1.0
GT-017,A1,D3_contextualizacion,1.0
GT-017,A1,D3_metodo_detallado,0.0
GT-017,A1,D3_resultados_concretos,1.0
GT-017,A1,D4_consistencia,2.0
GT-017,A1,no_evaluable,0.0
GT-018,A1,D1_imryd_conclusiones,0.0
GT-018,A1,D1_imryd_metodologia,1.0
GT-018,A1,D1_imryd_objetivo,1.0
GT-018,A1,D1_imryd_resultados,1.0
GT-018,A1,D1_orden_logico,1.0
GT-018,A1,D2_coherencia,3.0
GT-018,A1,D3_conclusion_responde,0.0
GT-018,A1,D3_contextualizacion,1.0
GT-018,A1,D3_metodo_detallado,1.0
GT-018,A1,D3_resultados_concretos,0.0
GT-018,A1,D4_consistencia,2.0
GT-018,A1,no_evaluable,0.0
GT-019,A1,D1_imryd_conclusiones,1.0
GT-019,A1,D1_imryd_metodologia,1.0
GT-019,A1,D1_imryd_objetivo,1.0
GT-019,A1,D1_imryd_resultados,1.0
GT-019,A1,D1_orden_logico,1.0
GT-019,A1,D2_coherencia,3.0
GT-019,A1,D3_conclusion_responde,1.0
GT-019,A1,D3_contextualizacion,0.0
GT-019,A1,D3_metodo_detallado,1.0
GT-019,A1,D3_resultados_concretos,1.0
GT-019,A1,D4_consistencia,2.0
GT-019,A1,no_evaluable,0.0
GT-020,A1,D1_imryd_conclusiones,1.0
GT-020,A1,D1_imryd_metodologia,1.0
GT-020,A1,D1_imryd_objetivo,1.0
GT-020,A1,D1_imryd_resultados,1.0
GT-020,A1,D1_orden_logico,1.0
GT-020,A1,D2_coherencia,5.0
GT-020,A1,D3_conclusion_responde,1.0
GT-020,A1,D3_contextualizacion,1.0
GT-020,A1,D3_metodo_detallado,1.0
GT-020,A1,D3_resultados_concretos,1.0
GT-020,A1,D4_consistencia,4.0
GT-020,A1,no_evaluable,0.0
GT-021,A1,D1_imryd_conclusiones,1.0
GT-021,A1,D1_imryd_metodologia,1.0
GT-021,A1,D1_imryd_objetivo,1.0
GT-021,A1,D1_imryd_resultados,1.0
GT-021,A1,D1_orden_logico,1.0
GT-021,A1,D2_coherencia,2.0
GT-021,A1,D3_conclusion_responde,1.0
GT-021,A1,D3_contextualizacion,1.0
GT-021,A1,D3_metodo_detallado,1.0
GT-021,A1,D3_resultados_concretos,1.0
GT-021,A1,D4_consistencia,2.0
GT-021,A1,no_evaluable,0.0
GT-022,A1,D1_imryd_conclusiones,1.0
GT-022,A1,D1_imryd_metodologia,1.0
GT-022,A1,D1_imryd_objetivo,1.0
GT-022,A1,D1_imryd_resultados,1.0
GT-022,A1,D1_orden_logico,1.0
GT-022,A1,D2_coherencia,3.0
GT-022,A1,D3_conclusion_responde,0.0
GT-022,A1,D3_contextualizacion,1.0
GT-022,A1,D3_metodo_detallado,1.0
GT-022,A1,D3_resultados_concretos,1.0
GT-022,A1,D4_consistencia,1.0
GT-022,A1,no_evaluable,0.0
GT-023,A1,D1_imryd_conclusiones,0.0
GT-023,A1,D1_imryd_metodologia,0.0
GT-023,A1,D1_imryd_objetivo,1.0
GT-023,A1,D1_imryd_resultados,0.0
GT-023,A1,D1_orden_logico,0.0
GT-023,A1,D2_coherencia,2.0
GT-023,A1,D3_conclusion_responde,0.0
GT-023,A1,D3_contextualizacion,1.0
GT-023,A1,D3_metodo_detallado,0.0
GT-023,A1,D3_resultados_concretos,0.0
GT-023,A1,no_evaluable,1.0
GT-024,A1,D1_imryd_conclusiones,1.0
GT-024,A1,D1_imryd_metodologia,1.0
GT-024,A1,D1_imryd_objetivo,1.0
GT-024,A1,D1_imryd_resultados,1.0
GT-024,A1,D1_orden_logico,1.0
GT-024,A1,D2_coherencia,3.0
GT-024,A1,D3_conclusion_responde,1.0
GT-024,A1,D3_contextualizacion,1.0
GT-024,A1,D3_metodo_detallado,0.0
GT-024,A1,D3_resultados_concretos,1.0
GT-024,A1,D4_consistencia,1.0
GT-024,A1,no_evaluable,0.0
GT-025,A1,D1_imryd_conclusiones,1.0
GT-025,A1,D1_imryd_metodologia,1.0
GT-025,A1,D1_imryd_objetivo,1.0
GT-025,A1,D1_imryd_resultados,1.0
GT-025,A1,D1_orden_logico,1.0
GT-025,A1,D2_coherencia,4.0
GT-025,A1,D3_conclusion_responde,1.0
GT-025,A1,D3_contextualizacion,1.0
GT-025,A1,D3_metodo_detallado,1.0
GT-025,A1,D3_resultados_concretos,1.0
GT-025,A1,D4_consistencia,3.0
GT-025,A1,no_evaluable,0.0
GT-026,A1,D1_imryd_conclusiones,1.0
GT-026,A1,D1_imryd_metodologia,1.0
GT-026,A1,D1_imryd_objetivo,1.0
GT-026,A1,D1_imryd_resultados,1.0
GT-026,A1,D1_orden_logico,1.0
GT-026,A1,D2_coherencia,4.0
GT-026,A1,D3_conclusion_responde,1.0
GT-026,A1,D3_contextualizacion,1.0
GT-026,A1,D3_metodo_detallado,1.0
GT-026,A1,D3_resultados_concretos,1.0
GT-026,A1,D4_consistencia,2.0
GT-026,A1,no_evaluable,0.0
GT-027,A1,D1_imryd_conclusiones,0.0
GT-027,A1,D1_imryd_metodologia,0.0
GT-027,A1,D1_imryd_objetivo,1.0
GT-027,A1,D1_imryd_resultados,0.0
GT-027,A1,D1_orden_logico,1.0
GT-027,A1,D2_coherencia,2.0
GT-027,A1,D3_conclusion_responde,0.0
GT-027,A1,D3_contextualizacion,1.0
GT-027,A1,D3_metodo_detallado,0.0
GT-027,A1,D3_resultados_concretos,0.0
GT-027,A1,no_evaluable,1.0
GT-028,A1,D1_imryd_conclusiones,1.0
GT-028,A1,D1_imryd_metodologia,1.0
GT-028,A1,D1_imryd_objetivo,1.0
GT-028,A1,D1_imryd_resultados,1.0
GT-028,A1,D1_orden_logico,1.0
GT-028,A1,D2_coherencia,4.0
GT-028,A1,D3_conclusion_responde,1.0
GT-028,A1,D3_contextualizacion,1.0
GT-028,A1,D3_metodo_detallado,1.0
GT-028,A1,D3_resultados_concretos,1.0
GT-028,A1,D4_consistencia,2.0
GT-028,A1,no_evaluable,0.0
GT-029,A1,D1_imryd_conclusiones,1.0
GT-029,A1,D1_imryd_metodologia,1.0
GT-029,A1,D1_imryd_objetivo,1.0
GT-029,A1,D1_imryd_resultados,1.0
GT-029,A1,D1_orden_logico,1.0
GT-029,A1,D2_coherencia,2.0
GT-029,A1,D3_conclusion_responde,1.0
GT-029,A1,D3_contextualizacion,1.0
GT-029,A1,D3_metodo_detallado,1.0
GT-029,A1,D3_resultados_concretos,1.0
GT-029,A1,D4_consistencia,1.0
GT-029,A1,no_evaluable,0.0
GT-030,A1,D1_imryd_conclusiones,1.0
GT-030,A1,D1_imryd_metodologia,1.0
GT-030,A1,D1_imryd_objetivo,1.0
GT-030,A1,D1_imryd_resultados,1.0
GT-030,A1,D1_orden_logico,0.0
GT-030,A1,D2_coherencia,3.0
GT-030,A1,D3_conclusion_responde,1.0
GT-030,A1,D3_contextualizacion,1.0
GT-030,A1,D3_metodo_detallado,1.0
GT-030,A1,D3_resultados_concretos,1.0
GT-030,A1,D4_consistencia,2.0
GT-030,A1,no_evaluable,0.0
GT-031,A1,D1_imryd_conclusiones,1.0
GT-031,A1,D1_imryd_metodologia,1.0
GT-031,A1,D1_imryd_objetivo,1.0
GT-031,A1,D1_imryd_resultados,1.0
GT-031,A1,D1_orden_logico,0.0
GT-031,A1,D2_coherencia,3.0
GT-031,A1,D3_conclusion_responde,1.0
GT-031,A1,D3_contextualizacion,1.0
GT-031,A1,D3_metodo_detallado,1.0
GT-031,A1,D3_resultados_concretos,1.0
GT-031,A1,D4_consistencia,2.0
GT-031,A1,no_evaluable,0.0
GT-032,A1,D1_imryd_conclusiones,1.0
GT-032,A1,D1_imryd_metodologia,1.0
GT-032,A1,D1_imryd_objetivo,1.0
GT-032,A1,D1_imryd_resultados,1.0
GT-032,A1,D1_orden_logico,1.0
GT-032,A1,D2_coherencia,4.0
GT-032,A1,D3_conclusion_responde,1.0
GT-032,A1,D3_contextualizacion,1.0
GT-032,A1,D3_metodo_detallado,1.0
GT-032,A1,D3_resultados_concretos,1.0
GT-032,A1,D4_consistencia,5.0
GT-032,A1,no_evaluable,0.0
GT-033,A1,D1_imryd_conclusiones,1.0
GT-033,A1,D1_imryd_metodologia,1.0
GT-033,A1,D1_imryd_objetivo,1.0
GT-033,A1,D1_imryd_resultados,1.0
GT-033,A1,D1_orden_logico,1.0
GT-033,A1,D2_coherencia,5.0
GT-033,A1,D3_conclusion_responde,1.0
GT-033,A1,D3_contextualizacion,1.0
GT-033,A1,D3_metodo_detallado,1.0
GT-033,A1,D3_resultados_concretos,1.0
GT-033,A1,D4_consistencia,4.0
GT-033,A1,no_evaluable,0.0
GT-034,A1,D1_imryd_conclusiones,1.0
GT-034,A1,D1_imryd_metodologia,1.0
GT-034,A1,D1_imryd_objetivo,1.0
GT-034,A1,D1_imryd_resultados,1.0
GT-034,A1,D1_orden_logico,1.0
GT-034,A1,D2_coherencia,3.0
GT-034,A1,D3_conclusion_responde,1.0
GT-034,A1,D3_contextualizacion,1.0
GT-034,A1,D3_metodo_detallado,1.0
GT-034,A1,D3_resultados_concretos,1.0
GT-034,A1,D4_consistencia,3.0
GT-034,A1,no_evaluable,0.0
GT-035,A1,D1_imryd_conclusiones,0.0
GT-035,A1,D1_imryd_metodologia,1.0
GT-035,A1,D1_imryd_objetivo,1.0
GT-035,A1,D1_imryd_resultados,0.0
GT-035,A1,D1_orden_logico,1.0
GT-035,A1,D2_coherencia,3.0
GT-035,A1,D3_conclusion_responde,0.0
GT-035,A1,D3_contextualizacion,1.0
GT-035,A1,D3_metodo_detallado,0.0
GT-035,A1,D3_resultados_concretos,0.0
GT-035,A1,D4_consistencia,2.0
GT-035,A1,no_evaluable,0.0
GT-036,A1,D1_imryd_conclusiones,1.0
GT-036,A1,D1_imryd_metodologia,1.0
GT-036,A1,D1_imryd_objetivo,1.0
GT-036,A1,D1_imryd_resultados,1.0
GT-036,A1,D1_orden_logico,1.0
GT-036,A1,D2_coherencia,4.0
GT-036,A1,D3_conclusion_responde,1.0
GT-036,A1,D3_contextualizacion,1.0
GT-036,A1,D3_metodo_detallado,1.0
GT-036,A1,D3_resultados_concretos,1.0
GT-036,A1,D4_consistencia,2.0
GT-036,A1,no_evaluable,0.0
GT-037,A1,D1_imryd_conclusiones,0.0
GT-037,A1,D1_imryd_metodologia,1.0
GT-037,A1,D1_imryd_objetivo,1.0
GT-037,A1,D1_imryd_resultados,1.0
GT-037,A1,D1_orden_logico,1.0
GT-037,A1,D2_coherencia,2.0
GT-037,A1,D3_conclusion_responde,0.0
GT-037,A1,D3_contextualizacion,0.0
GT-037,A1,D3_metodo_detallado,1.0
GT-037,A1,D3_resultados_concretos,1.0
GT-037,A1,D4_consistencia,1.0
GT-037,A1,no_evaluable,0.0
GT-038,A1,D1_imryd_conclusiones,1.0
GT-038,A1,D1_imryd_metodologia,1.0
GT-038,A1,D1_imryd_objetivo,1.0
GT-038,A1,D1_imryd_resultados,1.0
GT-038,A1,D1_orden_logico,1.0
GT-038,A1,D2_coherencia,4.0
GT-038,A1,D3_conclusion_responde,1.0
GT-038,A1,D3_contextualizacion,1.0
GT-038,A1,D3_metodo_detallado,1.0
GT-038,A1,D3_resultados_concretos,1.0
GT-038,A1,D4_consistencia,3.0
GT-038,A1,no_evaluable,0.0
GT-039,A1,D1_imryd_conclusiones,1.0
GT-039,A1,D1_imryd_metodologia,1.0
GT-039,A1,D1_imryd_objetivo,1.0
GT-039,A1,D1_imryd_resultados,1.0
GT-039,A1,D1_orden_logico,1.0
GT-039,A1,D2_coherencia,3.0
GT-039,A1,D3_conclusion_responde,1.0
GT-039,A1,D3_contextualizacion,1.0
GT-039,A1,D3_metodo_detallado,0.0
GT-039,A1,D3_resultados_concretos,1.0
GT-039,A1,D4_consistencia,2.0
GT-039,A1,no_evaluable,0.0
GT-040,A1,D1_imryd_conclusiones,0.0
GT-040,A1,D1_imryd_metodologia,1.0
GT-040,A1,D1_imryd_objetivo,1.0
GT-040,A1,D1_imryd_resultados,1.0
GT-040,A1,D1_orden_logico,1.0
GT-040,A1,D2_coherencia,3.0
GT-040,A1,D3_conclusion_responde,0.0
GT-040,A1,D3_contextualizacion,1.0
GT-040,A1,D3_metodo_detallado,0.0
GT-040,A1,D3_resultados_concretos,1.0
GT-040,A1,D4_consistencia,2.0
GT-040,A1,no_evaluable,0.0
GT-041,A1,D1_imryd_conclusiones,0.0
GT-041,A1,D1_imryd_metodologia,0.0
GT-041,A1,D1_imryd_objetivo,1.0
GT-041,A1,D1_imryd_resultados,0.0
GT-041,A1,D1_orden_logico,1.0
GT-041,A1,D2_coherencia,3.0
GT-041,A1,D3_conclusion_responde,0.0
GT-041,A1,D3_contextualizacion,1.0
GT-041,A1,D3_metodo_detallado,0.0
GT-041,A1,D3_resultados_concretos,0.0
GT-041,A1,no_evaluable,1.0
GT-042,A1,D1_imryd_conclusiones,1.0
GT-042,A1,D1_imryd_metodologia,1.0
GT-042,A1,D1_imryd_objetivo,1.0
GT-042,A1,D1_imryd_resultados,1.0
GT-042,A1,D1_orden_logico,1.0
GT-042,A1,D2_coherencia,2.0
GT-042,A1,D3_conclusion_responde,1.0
GT-042,A1,D3_contextualizacion,1.0
GT-042,A1,D3_metodo_detallado,1.0
GT-042,A1,D3_resultados_concretos,0.0
GT-042,A1,D4_consistencia,2.0
GT-042,A1,no_evaluable,0.0
GT-043,A1,D1_imryd_conclusiones,1.0
GT-043,A1,D1_imryd_metodologia,1.0
GT-043,A1,D1_imryd_objetivo,1.0
GT-043,A1,D1_imryd_resultados,1.0
GT-043,A1,D1_orden_logico,1.0
GT-043,A1,D2_coherencia,3.0
GT-043,A1,D3_conclusion_responde,1.0
GT-043,A1,D3_contextualizacion,1.0
GT-043,A1,D3_metodo_detallado,0.0
GT-043,A1,D3_resultados_concretos,1.0
GT-043,A1,D4_consistencia,2.0
GT-043,A1,no_evaluable,0.0
GT-044,A1,D1_imryd_conclusiones,1.0
GT-044,A1,D1_imryd_metodologia,1.0
GT-044,A1,D1_imryd_objetivo,1.0
GT-044,A1,D1_imryd_resultados,1.0
GT-044,A1,D1_orden_logico,1.0
GT-044,A1,D2_coherencia,3.0
GT-044,A1,D3_conclusion_responde,1.0
GT-044,A1,D3_contextualizacion,1.0
GT-044,A1,D3_metodo_detallado,1.0
GT-044,A1,D3_resultados_concretos,1.0
GT-044,A1,D4_consistencia,3.0
GT-044,A1,no_evaluable,0.0
GT-045,A1,D1_imryd_conclusiones,0.0
GT-045,A1,D1_imryd_metodologia,1.0
GT-045,A1,D1_imryd_objetivo,1.0
GT-045,A1,D1_imryd_resultados,1.0
GT-045,A1,D1_orden_logico,1.0
GT-045,A1,D2_coherencia,3.0
GT-045,A1,D3_conclusion_responde,0.0
GT-045,A1,D3_contextualizacion,0.0
GT-045,A1,D3_metodo_detallado,1.0
GT-045,A1,D3_resultados_concretos,1.0
GT-045,A1,D4_consistencia,2.0
GT-045,A1,no_evaluable,0.0
GT-046,A1,D1_imryd_conclusiones,1.0
GT-046,A1,D1_imryd_metodologia,1.0
GT-046,A1,D1_imryd_objetivo,1.0
GT-046,A1,D1_imryd_resultados,1.0
GT-046,A1,D1_orden_logico,1.0
GT-046,A1,D2_coherencia,2.0
GT-046,A1,D3_conclusion_responde,0.0
GT-046,A1,D3_contextualizacion,1.0
GT-046,A1,D3_metodo_detallado,1.0
GT-046,A1,D3_resultados_concretos,1.0
GT-046,A1,D4_consistencia,2.0
GT-046,A1,no_evaluable,0.0
GT-047,A1,D1_imryd_conclusiones,0.0
GT-047,A1,D1_imryd_metodologia,1.0
GT-047,A1,D1_imryd_objetivo,1.0
GT-047,A1,D1_imryd_resultados,1.0
GT-047,A1,D1_orden_logico,1.0
GT-047,A1,D2_coherencia,2.0
GT-047,A1,D3_conclusion_responde,0.0
GT-047,A1,D3_contextualizacion,1.0
GT-047,A1,D3_metodo_detallado,1.0
GT-047,A1,D3_resultados_concretos,1.0
GT-047,A1,D4_consistencia,1.0
GT-047,A1,no_evaluable,0.0
GT-048,A1,D1_imryd_conclusiones,1.0
GT-048,A1,D1_imryd_metodologia,1.0
GT-048,A1,D1_imryd_objetivo,1.0
GT-048,A1,D1_imryd_resultados,1.0
GT-048,A1,D1_orden_logico,1.0
GT-048,A1,D2_coherencia,3.0
GT-048,A1,D3_conclusion_responde,1.0
GT-048,A1,D3_contextualizacion,1.0
GT-048,A1,D3_metodo_detallado,1.0
GT-048,A1,D3_resultados_concretos,1.0
GT-048,A1,D4_consistencia,2.0
GT-048,A1,no_evaluable,0.0
GT-049,A1,D1_imryd_conclusiones,0.0
GT-049,A1,D1_imryd_metodologia,1.0
GT-049,A1,D1_imryd_objetivo,1.0
GT-049,A1,D1_imryd_resultados,1.0
GT-049,A1,D1_orden_logico,1.0
GT-049,A1,D2_coherencia,2.0
GT-049,A1,D3_conclusion_responde,0.0
GT-049,A1,D3_contextualizacion,1.0
GT-049,A1,D3_metodo_detallado,1.0
GT-049,A1,D3_resultados_concretos,1.0
GT-049,A1,D4_consistencia,2.0
GT-049,A1,no_evaluable,0.0
GT-050,A1,D1_imryd_conclusiones,1.0
GT-050,A1,D1_imryd_metodologia,1.0
GT-050,A1,D1_imryd_objetivo,1.0
GT-050,A1,D1_imryd_resultados,1.0
GT-050,A1,D1_orden_logico,1.0
GT-050,A1,D2_coherencia,4.0
GT-050,A1,D3_conclusion_responde,1.0
GT-050,A1,D3_contextualizacion,1.0
GT-050,A1,D3_metodo_detallado,1.0
GT-050,A1,D3_resultados_concretos,1.0
GT-050,A1,D4_consistencia,3.0
GT-050,A1,no_evaluable,0.0
GT-051,A1,D1_imryd_conclusiones,1.0
GT-051,A1,D1_imryd_metodologia,1.0
GT-051,A1,D1_imryd_objetivo,1.0
GT-051,A1,D1_imryd_resultados,1.0
GT-051,A1,D1_orden_logico,1.0
GT-051,A1,D2_coherencia,2.0
GT-051,A1,D3_conclusion_responde,1.0
GT-051,A1,D3_contextualizacion,1.0
GT-051,A1,D3_metodo_detallado,1.0
GT-051,A1,D3_resultados_concretos,1.0
GT-051,A1,D4_consistencia,2.0
GT-051,A1,no_evaluable,0.0
GT-052,A1,D1_imryd_conclusiones,1.0
GT-052,A1,D1_imryd_metodologia,1.0
GT-052,A1,D1_imryd_objetivo,1.0
GT-052,A1,D1_imryd_resultados,1.0
GT-052,A1,D1_orden_logico,1.0
GT-052,A1,D2_coherencia,3.0
GT-052,A1,D3_conclusion_responde,1.0
GT-052,A1,D3_contextualizacion,1.0
GT-052,A1,D3_metodo_detallado,1.0
GT-052,A1,D3_resultados_concretos,1.0
GT-052,A1,D4_consistencia,2.0
GT-052,A1,no_evaluable,0.0
GT-053,A1,D1_imryd_conclusiones,1.0
GT-053,A1,D1_imryd_metodologia,1.0
GT-053,A1,D1_imryd_objetivo,1.0
GT-053,A1,D1_imryd_resultados,1.0
GT-053,A1,D1_orden_logico,1.0
GT-053,A1,D2_coherencia,3.0
GT-053,A1,D3_conclusion_responde,1.0
GT-053,A1,D3_contextualizacion,1.0
GT-053,A1,D3_metodo_detallado,1.0
GT-053,A1,D3_resultados_concretos,1.0
GT-053,A1,D4_consistencia,4.0
GT-053,A1,no_evaluable,0.0
GT-054,A1,D1_imryd_conclusiones,1.0
GT-054,A1,D1_imryd_metodologia,1.0
GT-054,A1,D1_imryd_objetivo,1.0
GT-054,A1,D1_imryd_resultados,1.0
GT-054,A1,D1_orden_logico,1.0
GT-054,A1,D2_coherencia,4.0
GT-054,A1,D3_conclusion_responde,1.0
GT-054,A1,D3_contextualizacion,1.0
GT-054,A1,D3_metodo_detallado,1.0
GT-054,A1,D3_resultados_concretos,1.0
GT-054,A1,D4_consistencia,3.0
GT-054,A1,no_evaluable,0.0
GT-055,A1,D1_imryd_conclusiones,1.0
GT-055,A1,D1_imryd_metodologia,1.0
GT-055,A1,D1_imryd_objetivo,1.0
GT-055,A1,D1_imryd_resultados,1.0
GT-055,A1,D1_orden_logico,1.0
GT-055,A1,D2_coherencia,3.0
GT-055,A1,D3_conclusion_responde,1.0
GT-055,A1,D3_contextualizacion,1.0
GT-055,A1,D3_metodo_detallado,1.0
GT-055,A1,D3_resultados_concretos,1.0
GT-055,A1,D4_consistencia,2.0
GT-055,A1,no_evaluable,0.0
GT-056,A1,D1_imryd_conclusiones,0.0
GT-056,A1,D1_imryd_metodologia,0.0
GT-056,A1,D1_imryd_objetivo,1.0
GT-056,A1,D1_imryd_resultados,0.0
GT-056,A1,D1_orden_logico,1.0
GT-056,A1,D2_coherencia,4.0
GT-056,A1,D3_conclusion_responde,0.0
GT-056,A1,D3_contextualizacion,1.0
GT-056,A1,D3_metodo_detallado,0.0
GT-056,A1,D3_resultados_concretos,0.0
GT-056,A1,no_evaluable,1.0
GT-057,A1,D1_imryd_conclusiones,1.0
GT-057,A1,D1_imryd_metodologia,1.0
GT-057,A1,D1_imryd_objetivo,1.0
GT-057,A1,D1_imryd_resultados,1.0
GT-057,A1,D1_orden_logico,1.0
GT-057,A1,D2_coherencia,4.0
GT-057,A1,D3_conclusion_responde,1.0
GT-057,A1,D3_contextualizacion,1.0
GT-057,A1,D3_metodo_detallado,1.0
GT-057,A1,D3_resultados_concretos,1.0
GT-057,A1,D4_consistencia,3.0
GT-057,A1,no_evaluable,0.0
GT-058,A1,D1_imryd_conclusiones,1.0
GT-058,A1,D1_imryd_metodologia,1.0
GT-058,A1,D1_imryd_objetivo,1.0
GT-058,A1,D1_imryd_resultados,1.0
GT-058,A1,D1_orden_logico,1.0
GT-058,A1,D2_coherencia,3.0
GT-058,A1,D3_conclusion_responde,1.0
GT-058,A1,D3_contextualizacion,1.0
GT-058,A1,D3_metodo_detallado,1.0
GT-058,A1,D3_resultados_concretos,1.0
GT-058,A1,D4_consistencia,2.0
GT-058,A1,no_evaluable,0.0
GT-059,A1,D1_imryd_conclusiones,1.0
GT-059,A1,D1_imryd_metodologia,1.0
GT-059,A1,D1_imryd_objetivo,1.0
GT-059,A1,D1_imryd_resultados,1.0
GT-059,A1,D1_orden_logico,1.0
GT-059,A1,D2_coherencia,4.0
GT-059,A1,D3_conclusion_responde,1.0
GT-059,A1,D3_contextualizacion,1.0
GT-059,A1,D3_metodo_detallado,1.0
GT-059,A1,D3_resultados_concretos,1.0
GT-059,A1,D4_consistencia,5.0
GT-059,A1,no_evaluable,0.0
GT-060,A1,D1_imryd_conclusiones,1.0
GT-060,A1,D1_imryd_metodologia,1.0
GT-060,A1,D1_imryd_objetivo,1.0
GT-060,A1,D1_imryd_resultados,0.0
GT-060,A1,D1_orden_logico,1.0
GT-060,A1,D2_coherencia,3.0
GT-060,A1,D3_conclusion_responde,0.0
GT-060,A1,D3_contextualizacion,0.0
GT-060,A1,D3_metodo_detallado,0.0
GT-060,A1,D3_resultados_concretos,0.0
GT-060,A1,D4_consistencia,2.0
GT-060,A1,no_evaluable,0.0
GT-061,A1,D1_imryd_conclusiones,1.0
GT-061,A1,D1_imryd_metodologia,1.0
GT-061,A1,D1_imryd_objetivo,1.0
GT-061,A1,D1_imryd_resultados,1.0
GT-061,A1,D1_orden_logico,0.0
GT-061,A1,D2_coherencia,2.0
GT-061,A1,D3_conclusion_responde,1.0
GT-061,A1,D3_contextualizacion,1.0
GT-061,A1,D3_metodo_detallado,1.0
GT-061,A1,D3_resultados_concretos,1.0
GT-061,A1,D4_consistencia,1.0
GT-061,A1,no_evaluable,0.0
GT-062,A1,D1_imryd_conclusiones,1.0
GT-062,A1,D1_imryd_metodologia,1.0
GT-062,A1,D1_imryd_objetivo,1.0
GT-062,A1,D1_imryd_resultados,1.0
GT-062,A1,D1_orden_logico,1.0
GT-062,A1,D2_coherencia,5.0
GT-062,A1,D3_conclusion_responde,1.0
GT-062,A1,D3_contextualizacion,1.0
GT-062,A1,D3_metodo_detallado,1.0
GT-062,A1,D3_resultados_concretos,1.0
GT-062,A1,D4_consistencia,5.0
GT-062,A1,no_evaluable,0.0
GT-063,A1,D1_imryd_conclusiones,0.0
GT-063,A1,D1_imryd_metodologia,1.0
GT-063,A1,D1_imryd_objetivo,1.0
GT-063,A1,D1_imryd_resultados,1.0
GT-063,A1,D1_orden_logico,1.0
GT-063,A1,D2_coherencia,2.0
GT-063,A1,D3_conclusion_responde,0.0
GT-063,A1,D3_contextualizacion,1.0
GT-063,A1,D3_metodo_detallado,0.0
GT-063,A1,D3_resultados_concretos,0.0
GT-063,A1,D4_consistencia,2.0
GT-063,A1,no_evaluable,0.0
GT-064,A1,D1_imryd_conclusiones,0.0
GT-064,A1,D1_imryd_metodologia,0.0
GT-064,A1,D1_imryd_objetivo,1.0
GT-064,A1,D1_imryd_resultados,0.0
GT-064,A1,D1_orden_logico,1.0
GT-064,A1,D2_coherencia,1.0
GT-064,A1,D3_conclusion_responde,0.0
GT-064,A1,D3_contextualizacion,1.0
GT-064,A1,D3_metodo_detallado,0.0
GT-064,A1,D3_resultados_concretos,0.0
GT-064,A1,no_evaluable,1.0
GT-065,A1,D1_imryd_conclusiones,1.0
GT-065,A1,D1_imryd_metodologia,1.0
GT-065,A1,D1_imryd_objetivo,1.0
GT-065,A1,D1_imryd_resultados,1.0
GT-065,A1,D1_orden_logico,1.0
GT-065,A1,D2_coherencia,3.0
GT-065,A1,D3_conclusion_responde,1.0
GT-065,A1,D3_contextualizacion,1.0
GT-065,A1,D3_metodo_detallado,1.0
GT-065,A1,D3_resultados_concretos,0.0
GT-065,A1,D4_consistencia,2.0
GT-065,A1,no_evaluable,0.0
GT-066,A1,D1_imryd_conclusiones,0.0
GT-066,A1,D1_imryd_metodologia,1.0
GT-066,A1,D1_imryd_objetivo,1.0
GT-066,A1,D1_imryd_resultados,1.0
GT-066,A1,D1_orden_logico,1.0
GT-066,A1,D2_coherencia,2.0
GT-066,A1,D3_conclusion_responde,0.0
GT-066,A1,D3_contextualizacion,1.0
GT-066,A1,D3_metodo_detallado,1.0
GT-066,A1,D3_resultados_concretos,1.0
GT-066,A1,D4_consistencia,2.0
GT-066,A1,no_evaluable,0.0
GT-067,A1,D1_imryd_conclusiones,0.0
GT-067,A1,D1_imryd_metodologia,1.0
GT-067,A1,D1_imryd_objetivo,1.0
GT-067,A1,D1_imryd_resultados,1.0
GT-067,A1,D1_orden_logico,1.0
GT-067,A1,D2_coherencia,3.0
GT-067,A1,D3_conclusion_responde,0.0
GT-067,A1,D3_contextualizacion,1.0
GT-067,A1,D3_metodo_detallado,1.0
GT-067,A1,D3_resultados_concretos,1.0
GT-067,A1,D4_consistencia,2.0
GT-067,A1,no_evaluable,0.0
GT-068,A1,D1_imryd_conclusiones,0.0
GT-068,A1,D1_imryd_metodologia,1.0
GT-068,A1,D1_imryd_objetivo,1.0
GT-068,A1,D1_imryd_resultados,0.0
GT-068,A1,D1_orden_logico,1.0
GT-068,A1,D2_coherencia,4.0
GT-068,A1,D3_conclusion_responde,0.0
GT-068,A1,D3_contextualizacion,1.0
GT-068,A1,D3_metodo_detallado,1.0
GT-068,A1,D3_resultados_concretos,0.0
GT-068,A1,D4_consistencia,4.0
GT-068,A1,no_evaluable,0.0
GT-069,A1,D1_imryd_conclusiones,1.0
GT-069,A1,D1_imryd_metodologia,1.0
GT-069,A1,D1_imryd_objetivo,1.0
GT-069,A1,D1_imryd_resultados,1.0
GT-069,A1,D1_orden_logico,1.0
GT-069,A1,D2_coherencia,5.0
GT-069,A1,D3_conclusion_responde,1.0
GT-069,A1,D3_contextualizacion,1.0
GT-069,A1,D3_metodo_detallado,1.0
GT-069,A1,D3_resultados_concretos,1.0
GT-069,A1,D4_consistencia,3.0
GT-069,A1,no_evaluable,0.0
GT-070,A1,D1_imryd_conclusiones,1.0
GT-070,A1,D1_imryd_metodologia,1.0
GT-070,A1,D1_imryd_objetivo,1.0
GT-070,A1,D1_imryd_resultados,1.0
GT-070,A1,D1_orden_logico,1.0
GT-070,A1,D2_coherencia,4.0
GT-070,A1,D3_conclusion_responde,1.0
GT-070,A1,D3_contextualizacion,1.0
GT-070,A1,D3_metodo_detallado,1.0
GT-070,A1,D3_resultados_concretos,1.0
GT-070,A1,D4_consistencia,2.0
GT-070,A1,no_evaluable,0.0
GT-071,A1,D1_imryd_conclusiones,1.0
GT-071,A1,D1_imryd_metodologia,1.0
GT-071,A1,D1_imryd_objetivo,1.0
GT-071,A1,D1_imryd_resultados,1.0
GT-071,A1,D1_orden_logico,1.0
GT-071,A1,D2_coherencia,2.0
GT-071,A1,D3_conclusion_responde,1.0
GT-071,A1,D3_contextualizacion,1.0
GT-071,A1,D3_metodo_detallado,1.0
GT-071,A1,D3_resultados_concretos,1.0
GT-071,A1,D4_consistencia,3.0
GT-071,A1,no_evaluable,0.0
GT-072,A1,D1_imryd_conclusiones,1.0
GT-072,A1,D1_imryd_metodologia,1.0
GT-072,A1,D1_imryd_objetivo,1.0
GT-072,A1,D1_imryd_resultados,1.0
GT-072,A1,D1_orden_logico,1.0
GT-072,A1,D2_coherencia,3.0
GT-072,A1,D3_conclusion_responde,1.0
GT-072,A1,D3_contextualizacion,0.0
GT-072,A1,D3_metodo_detallado,1.0
GT-072,A1,D3_resultados_concretos,1.0
GT-072,A1,D4_consistencia,2.0
GT-072,A1,no_evaluable,0.0
GT-073,A1,D1_imryd_conclusiones,1.0
GT-073,A1,D1_imryd_metodologia,1.0
GT-073,A1,D1_imryd_objetivo,1.0
GT-073,A1,D1_imryd_resultados,1.0
GT-073,A1,D1_orden_logico,1.0
GT-073,A1,D2_coherencia,4.0
GT-073,A1,D3_conclusion_responde,1.0
GT-073,A1,D3_contextualizacion,1.0
GT-073,A1,D3_metodo_detallado,1.0
GT-073,A1,D3_resultados_concretos,1.0
GT-073,A1,D4_consistencia,2.0
GT-073,A1,no_evaluable,0.0
GT-074,A1,D1_imryd_conclusiones,1.0
GT-074,A1,D1_imryd_metodologia,1.0
GT-074,A1,D1_imryd_objetivo,1.0
GT-074,A1,D1_imryd_resultados,1.0
GT-074,A1,D1_orden_logico,1.0
GT-074,A1,D2_coherencia,4.0
GT-074,A1,D3_conclusion_responde,1.0
GT-074,A1,D3_contextualizacion,1.0
GT-074,A1,D3_metodo_detallado,1.0
GT-074,A1,D3_resultados_concretos,0.0
GT-074,A1,D4_consistencia,2.0
GT-074,A1,no_evaluable,0.0
GT-075,A1,D1_imryd_conclusiones,0.0
GT-075,A1,D1_imryd_metodologia,1.0
GT-075,A1,D1_imryd_objetivo,1.0
GT-075,A1,D1_imryd_resultados,1.0
GT-075,A1,D1_orden_logico,1.0
GT-075,A1,D2_coherencia,2.0
GT-075,A1,D3_conclusion_responde,0.0
GT-075,A1,D3_contextualizacion,1.0
GT-075,A1,D3_metodo_detallado,0.0
GT-075,A1,D3_resultados_concretos,0.0
GT-075,A1,D4_consistencia,2.0
GT-075,A1,no_evaluable,0.0
GT-076,A1,D1_imryd_conclusiones,0.0
GT-076,A1,D1_imryd_metodologia,0.0
GT-076,A1,D1_imryd_objetivo,1.0
GT-076,A1,D1_imryd_resultados,0.0
GT-076,A1,D1_orden_logico,1.0
GT-076,A1,D2_coherencia,3.0
GT-076,A1,D3_conclusion_responde,0.0
GT-076,A1,D3_contextualizacion,1.0
GT-076,A1,D3_metodo_detallado,0.0
GT-076,A1,D3_resultados_concretos,0.0
GT-076,A1,no_evaluable,1.0
GT-077,A1,D1_imryd_conclusiones,0.0
GT-077,A1,D1_imryd_metodologia,1.0
GT-077,A1,D1_imryd_objetivo,1.0
GT-077,A1,D1_imryd_resultados,1.0
GT-077,A1,D1_orden_logico,1.0
GT-077,A1,D2_coherencia,3.0
GT-077,A1,D3_conclusion_responde,0.0
GT-077,A1,D3_contextualizacion,1.0
GT-077,A1,D3_metodo_detallado,1.0
GT-077,A1,D3_resultados_concretos,1.0
GT-077,A1,D4_consistencia,5.0
GT-077,A1,no_evaluable,0.0
GT-078,A1,D1_imryd_conclusiones,1.0
GT-078,A1,D1_imryd_metodologia,1.0
GT-078,A1,D1_imryd_objetivo,1.0
GT-078,A1,D1_imryd_resultados,1.0
GT-078,A1,D1_orden_logico,0.0
GT-078,A1,D2_coherencia,2.0
GT-078,A1,D3_conclusion_responde,1.0
GT-078,A1,D3_contextualizacion,1.0
GT-078,A1,D3_metodo_detallado,1.0
GT-078,A1,D3_resultados_concretos,1.0
GT-078,A1,D4_consistencia,2.0
GT-078,A1,no_evaluable,0.0
GT-079,A1,D1_imryd_conclusiones,1.0
GT-079,A1,D1_imryd_metodologia,1.0
GT-079,A1,D1_imryd_objetivo,1.0
GT-079,A1,D1_imryd_resultados,1.0
GT-079,A1,D1_orden_logico,1.0
GT-079,A1,D2_coherencia,2.0
GT-079,A1,D3_conclusion_responde,1.0
GT-079,A1,D3_contextualizacion,1.0
GT-079,A1,D3_metodo_detallado,1.0
GT-079,A1,D3_resultados_concretos,1.0
GT-079,A1,D4_consistencia,2.0
GT-079,A1,no_evaluable,0.0
GT-080,A1,D1_imryd_conclusiones,1.0
GT-080,A1,D1_imryd_metodologia,1.0
GT-080,A1,D1_imryd_objetivo,1.0
GT-080,A1,D1_imryd_resultados,1.0
GT-080,A1,D1_orden_logico,1.0
GT-080,A1,D2_coherencia,4.0
GT-080,A1,D3_conclusion_responde,1.0
GT-080,A1,D3_contextualizacion,1.0
GT-080,A1,D3_metodo_detallado,1.0
GT-080,A1,D3_resultados_concretos,0.0
GT-080,A1,D4_consistencia,3.0
GT-080,A1,no_evaluable,0.0
GT-081,A1,D1_imryd_conclusiones,0.0
GT-081,A1,D1_imryd_metodologia,1.0
GT-081,A1,D1_imryd_objetivo,1.0
GT-081,A1,D1_imryd_resultados,1.0
GT-081,A1,D1_orden_logico,1.0
GT-081,A1,D2_coherencia,2.0
GT-081,A1,D3_conclusion_responde,0.0
GT-081,A1,D3_contextualizacion,1.0
GT-081,A1,D3_metodo_detallado,0.0
GT-081,A1,D3_resultados_concretos,1.0
GT-081,A1,D4_consistencia,1.0
GT-081,A1,no_evaluable,0.0
GT-082,A1,D1_imryd_conclusiones,0.0
GT-082,A1,D1_imryd_metodologia,1.0
GT-082,A1,D1_imryd_objetivo,1.0
GT-082,A1,D1_imryd_resultados,1.0
GT-082,A1,D1_orden_logico,1.0
GT-082,A1,D2_coherencia,4.0
GT-082,A1,D3_conclusion_responde,0.0
GT-082,A1,D3_contextualizacion,1.0
GT-082,A1,D3_metodo_detallado,1.0
GT-082,A1,D3_resultados_concretos,1.0
GT-082,A1,D4_consistencia,3.0
GT-082,A1,no_evaluable,0.0
GT-083,A1,D1_imryd_conclusiones,1.0
GT-083,A1,D1_imryd_metodologia,1.0
GT-083,A1,D1_imryd_objetivo,1.0
GT-083,A1,D1_imryd_resultados,1.0
GT-083,A1,D1_orden_logico,1.0
GT-083,A1,D2_coherencia,2.0
GT-083,A1,D3_conclusion_responde,1.0
GT-083,A1,D3_contextualizacion,1.0
GT-083,A1,D3_metodo_detallado,1.0
GT-083,A1,D3_resultados_concretos,1.0
GT-083,A1,D4_consistencia,2.0
GT-083,A1,no_evaluable,0.0
GT-084,A1,D1_imryd_conclusiones,1.0
GT-084,A1,D1_imryd_metodologia,1.0
GT-084,A1,D1_imryd_objetivo,1.0
GT-084,A1,D1_imryd_resultados,1.0
GT-084,A1,D1_orden_logico,1.0
GT-084,A1,D2_coherencia,2.0
GT-084,A1,D3_conclusion_responde,1.0
GT-084,A1,D3_contextualizacion,1.0
GT-084,A1,D3_metodo_detallado,1.0
GT-084,A1,D3_resultados_concretos,1.0
GT-084,A1,D4_consistencia,4.0
GT-084,A1,no_evaluable,0.0
GT-085,A1,D1_imryd_conclusiones,1.0
GT-085,A1,D1_imryd_metodologia,1.0
GT-085,A1,D1_imryd_objetivo,1.0
GT-085,A1,D1_imryd_resultados,1.0
GT-085,A1,D1_orden_logico,1.0
GT-085,A1,D2_coherencia,3.0
GT-085,A1,D3_conclusion_responde,1.0
GT-085,A1,D3_contextualizacion,1.0
GT-085,A1,D3_metodo_detallado,1.0
GT-085,A1,D3_resultados_concretos,1.0
GT-085,A1,D4_consistencia,2.0
GT-085,A1,no_evaluable,0.0
GT-086,A1,D1_imryd_conclusiones,1.0
GT-086,A1,D1_imryd_metodologia,1.0
GT-086,A1,D1_imryd_objetivo,1.0
GT-086,A1,D1_imryd_resultados,0.0
GT-086,A1,D1_orden_logico,1.0
GT-086,A1,D2_coherencia,2.0
GT-086,A1,D3_conclusion_responde,0.0
GT-086,A1,D3_contextualizacion,1.0
GT-086,A1,D3_metodo_detallado,0.0
GT-086,A1,D3_resultados_concretos,0.0
GT-086,A1,D4_consistencia,1.0
GT-086,A1,no_evaluable,0.0
GT-087,A1,D1_imryd_conclusiones,1.0
GT-087,A1,D1_imryd_metodologia,1.0
GT-087,A1,D1_imryd_objetivo,1.0
GT-087,A1,D1_imryd_resultados,1.0
GT-087,A1,D1_orden_logico,1.0
GT-087,A1,D2_coherencia,2.0
GT-087,A1,D3_conclusion_responde,1.0
GT-087,A1,D3_contextualizacion,1.0
GT-087,A1,D3_metodo_detallado,0.0
GT-087,A1,D3_resultados_concretos,0.0
GT-087,A1,D4_consistencia,2.0
GT-087,A1,no_evaluable,0.0
GT-088,A1,D1_imryd_conclusiones,1.0
GT-088,A1,D1_imryd_metodologia,1.0
GT-088,A1,D1_imryd_objetivo,1.0
GT-088,A1,D1_imryd_resultados,1.0
GT-088,A1,D1_orden_logico,1.0
GT-088,A1,D2_coherencia,4.0
GT-088,A1,D3_conclusion_responde,1.0
GT-088,A1,D3_contextualizacion,1.0
GT-088,A1,D3_metodo_detallado,1.0
GT-088,A1,D3_resultados_concretos,1.0
GT-088,A1,D4_consistencia,2.0
GT-088,A1,no_evaluable,0.0
GT-089,A1,D1_imryd_conclusiones,1.0
GT-089,A1,D1_imryd_metodologia,1.0
GT-089,A1,D1_imryd_objetivo,1.0
GT-089,A1,D1_imryd_resultados,1.0
GT-089,A1,D1_orden_logico,1.0
GT-089,A1,D2_coherencia,3.0
GT-089,A1,D3_conclusion_responde,1.0
GT-089,A1,D3_contextualizacion,1.0
GT-089,A1,D3_metodo_detallado,0.0
GT-089,A1,D3_resultados_concretos,0.0
GT-089,A1,D4_consistencia,2.0
GT-089,A1,no_evaluable,0.0
GT-090,A1,D1_imryd_conclusiones,1.0
GT-090,A1,D1_imryd_metodologia,1.0
GT-090,A1,D1_imryd_objetivo,1.0
GT-090,A1,D1_imryd_resultados,1.0
GT-090,A1,D1_orden_logico,1.0
GT-090,A1,D2_coherencia,2.0
GT-090,A1,D3_conclusion_responde,1.0
GT-090,A1,D3_contextualizacion,1.0
GT-090,A1,D3_metodo_detallado,1.0
GT-090,A1,D3_resultados_concretos,1.0
GT-090,A1,D4_consistencia,1.0
GT-090,A1,no_evaluable,0.0
GT-091,A1,D1_imryd_conclusiones,0.0
GT-091,A1,D1_imryd_metodologia,1.0
GT-091,A1,D1_imryd_objetivo,1.0
GT-091,A1,D1_imryd_resultados,0.0
GT-091,A1,D1_orden_logico,1.0
GT-091,A1,D2_coherencia,3.0
GT-091,A1,D3_conclusion_responde,0.0
GT-091,A1,D3_contextualizacion,0.0
GT-091,A1,D3_metodo_detallado,0.0
GT-091,A1,D3_resultados_concretos,0.0
GT-091,A1,D4_consistencia,2.0
GT-091,A1,no_evaluable,0.0
GT-092,A1,D1_imryd_conclusiones,0.0
GT-092,A1,D1_imryd_metodologia,1.0
GT-092,A1,D1_imryd_objetivo,1.0
GT-092,A1,D1_imryd_resultados,0.0
GT-092,A1,D1_orden_logico,1.0
GT-092,A1,D2_coherencia,3.0
GT-092,A1,D3_conclusion_responde,0.0
GT-092,A1,D3_contextualizacion,1.0
GT-092,A1,D3_metodo_detallado,0.0
GT-092,A1,D3_resultados_concretos,0.0
GT-092,A1,D4_consistencia,2.0
GT-092,A1,no_evaluable,0.0
GT-093,A1,D1_imryd_conclusiones,1.0
GT-093,A1,D1_imryd_metodologia,1.0
GT-093,A1,D1_imryd_objetivo,1.0
GT-093,A1,D1_imryd_resultados,1.0
GT-093,A1,D1_orden_logico,1.0
GT-093,A1,D2_coherencia,3.0
GT-093,A1,D3_conclusion_responde,1.0
GT-093,A1,D3_contextualizacion,1.0
GT-093,A1,D3_metodo_detallado,1.0
GT-093,A1,D3_resultados_concretos,1.0
GT-093,A1,D4_consistencia,1.0
GT-093,A1,no_evaluable,0.0
GT-094,A1,no_evaluable,1.0
GT-095,A1,D1_imryd_conclusiones,1.0
GT-095,A1,D1_imryd_metodologia,1.0
GT-095,A1,D1_imryd_objetivo,1.0
GT-095,A1,D1_imryd_resultados,0.0
GT-095,A1,D1_orden_logico,1.0
GT-095,A1,D2_coherencia,3.0
GT-095,A1,D3_conclusion_responde,1.0
GT-095,A1,D3_contextualizacion,1.0
GT-095,A1,D3_metodo_detallado,0.0
GT-095,A1,D3_resultados_concretos,0.0
GT-095,A1,D4_consistencia,2.0
GT-095,A1,no_evaluable,0.0
GT-096,A1,D1_imryd_conclusiones,1.0
GT-096,A1,D1_imryd_metodologia,0.0
GT-096,A1,D1_imryd_objetivo,1.0
GT-096,A1,D1_imryd_resultados,1.0
GT-096,A1,D1_orden_logico,1.0
GT-096,A1,D2_coherencia,3.0
GT-096,A1,D3_conclusion_responde,1.0
GT-096,A1,D3_contextualizacion,1.0
GT-096,A1,D3_metodo_detallado,0.0
GT-096,A1,D3_resultados_concretos,1.0
GT-096,A1,no_evaluable,1.0
GT-097,A1,D1_imryd_conclusiones,1.0
GT-097,A1,D1_imryd_metodologia,1.0
GT-097,A1,D1_imryd_objetivo,1.0
GT-097,A1,D1_imryd_resultados,1.0
GT-097,A1,D1_orden_logico,1.0
GT-097,A1,D2_coherencia,4.0
GT-097,A1,D3_conclusion_responde,1.0
GT-097,A1,D3_contextualizacion,1.0
GT-097,A1,D3_metodo_detallado,1.0
GT-097,A1,D3_resultados_concretos,1.0
GT-097,A1,D4_consistencia,3.0
GT-097,A1,no_evaluable,0.0
GT-098,A1,D1_imryd_conclusiones,1.0
GT-098,A1,D1_imryd_metodologia,1.0
GT-098,A1,D1_imryd_objetivo,1.0
GT-098,A1,D1_imryd_resultados,1.0
GT-098,A1,D1_orden_logico,1.0
GT-098,A1,D2_coherencia,3.0
GT-098,A1,D3_conclusion_responde,1.0
GT-098,A1,D3_contextualizacion,1.0
GT-098,A1,D3_metodo_detallado,1.0
GT-098,A1,D3_resultados_concretos,1.0
GT-098,A1,D4_consistencia,3.0
GT-098,A1,no_evaluable,0.0
GT-099,A1,D1_imryd_conclusiones,1.0
GT-099,A1,D1_imryd_metodologia,1.0
GT-099,A1,D1_imryd_objetivo,1.0
GT-099,A1,D1_imryd_resultados,1.0
GT-099,A1,D1_orden_logico,1.0
GT-099,A1,D2_coherencia,3.0
GT-099,A1,D3_conclusion_responde,0.0
GT-099,A1,D3_contextualizacion,1.0
GT-099,A1,D3_metodo_detallado,1.0
GT-099,A1,D3_resultados_concretos,1.0
GT-099,A1,D4_consistencia,2.0
GT-099,A1,no_evaluable,0.0
GT-100,A1,D1_imryd_conclusiones,0.0
GT-100,A1,D1_imryd_metodologia,1.0
GT-100,A1,D1_imryd_objetivo,1.0
GT-100,A1,D1_imryd_resultados,1.0
GT-100,A1,D1_orden_logico,1.0
GT-100,A1,D2_coherencia,3.0
GT-100,A1,D3_conclusion_responde,0.0
GT-100,A1,D3_contextualizacion,1.0
GT-100,A1,D3_metodo_detallado,1.0
GT-100,A1,D3_resultados_concretos,1.0
GT-100,A1,D4_consistencia,3.0
GT-100,A1,no_evaluable,0.0
GT-101,A1,D1_imryd_conclusiones,1.0
GT-101,A1,D1_imryd_metodologia,1.0
GT-101,A1,D1_imryd_objetivo,1.0
GT-101,A1,D1_imryd_resultados,1.0
GT-101,A1,D1_orden_logico,1.0
GT-101,A1,D2_coherencia,2.0
GT-101,A1,D3_conclusion_responde,1.0
GT-101,A1,D3_contextualizacion,1.0
GT-101,A1,D3_metodo_detallado,1.0
GT-101,A1,D3_resultados_concretos,1.0
GT-101,A1,D4_consistencia,1.0
GT-101,A1,no_evaluable,0.0
GT-102,A1,D1_imryd_conclusiones,1.0
GT-102,A1,D1_imryd_metodologia,1.0
GT-102,A1,D1_imryd_objetivo,1.0
GT-102,A1,D1_imryd_resultados,1.0
GT-102,A1,D1_orden_logico,1.0
GT-102,A1,D2_coherencia,3.0
GT-102,A1,D3_conclusion_responde,1.0
GT-102,A1,D3_contextualizacion,1.0
GT-102,A1,D3_metodo_detallado,1.0
GT-102,A1,D3_resultados_concretos,1.0
GT-102,A1,D4_consistencia,3.0
GT-102,A1,no_evaluable,0.0
GT-103,A1,D1_imryd_conclusiones,0.0
GT-103,A1,D1_imryd_metodologia,1.0
GT-103,A1,D1_imryd_objetivo,1.0
GT-103,A1,D1_imryd_resultados,1.0
GT-103,A1,D1_orden_logico,1.0
GT-103,A1,D2_coherencia,4.0
GT-103,A1,D3_conclusion_responde,0.0
GT-103,A1,D3_contextualizacion,1.0
GT-103,A1,D3_metodo_detallado,1.0
GT-103,A1,D3_resultados_concretos,1.0
GT-103,A1,D4_consistencia,3.0
GT-103,A1,no_evaluable,0.0
GT-104,A1,D1_imryd_conclusiones,0.0
GT-104,A1,D1_imryd_metodologia,1.0
GT-104,A1,D1_imryd_objetivo,1.0
GT-104,A1,D1_imryd_resultados,1.0
GT-104,A1,D1_orden_logico,1.0
GT-104,A1,D2_coherencia,2.0
GT-104,A1,D3_conclusion_responde,0.0
GT-104,A1,D3_contextualizacion,1.0
GT-104,A1,D3_metodo_detallado,1.0
GT-104,A1,D3_resultados_concretos,0.0
GT-104,A1,D4_consistencia,2.0
GT-104,A1,no_evaluable,0.0
GT-105,A1,D1_imryd_conclusiones,1.0
GT-105,A1,D1_imryd_metodologia,1.0
GT-105,A1,D1_imryd_objetivo,1.0
GT-105,A1,D1_imryd_resultados,1.0
GT-105,A1,D1_orden_logico,1.0
GT-105,A1,D2_coherencia,4.0
GT-105,A1,D3_conclusion_responde,1.0
GT-105,A1,D3_contextualizacion,0.0
GT-105,A1,D3_metodo_detallado,1.0
GT-105,A1,D3_resultados_concretos,1.0
GT-105,A1,D4_consistencia,3.0
GT-105,A1,no_evaluable,0.0
GT-106,A1,D1_imryd_conclusiones,0.0
GT-106,A1,D1_imryd_metodologia,1.0
GT-106,A1,D1_imryd_objetivo,1.0
GT-106,A1,D1_imryd_resultados,1.0
GT-106,A1,D1_orden_logico,1.0
GT-106,A1,D2_coherencia,3.0
GT-106,A1,D3_conclusion_responde,0.0
GT-106,A1,D3_contextualizacion,1.0
GT-106,A1,D3_metodo_detallado,0.0
GT-106,A1,D3_resultados_concretos,0.0
GT-106,A1,D4_consistencia,2.0
GT-106,A1,no_evaluable,0.0
GT-107,A1,D1_imryd_conclusiones,1.0
GT-107,A1,D1_imryd_metodologia,1.0
GT-107,A1,D1_imryd_objetivo,1.0
GT-107,A1,D1_imryd_resultados,1.0
GT-107,A1,D1_orden_logico,1.0
GT-107,A1,D2_coherencia,4.0
GT-107,A1,D3_conclusion_responde,1.0
GT-107,A1,D3_contextualizacion,1.0
GT-107,A1,D3_metodo_detallado,1.0
GT-107,A1,D3_resultados_concretos,1.0
GT-107,A1,D4_consistencia,2.0
GT-107,A1,no_evaluable,0.0
GT-108,A1,D1_imryd_conclusiones,1.0
GT-108,A1,D1_imryd_metodologia,1.0
GT-108,A1,D1_imryd_objetivo,1.0
GT-108,A1,D1_imryd_resultados,1.0
GT-108,A1,D1_orden_logico,1.0
GT-108,A1,D2_coherencia,3.0
GT-108,A1,D3_conclusion_responde,0.0
GT-108,A1,D3_contextualizacion,1.0
GT-108,A1,D3_metodo_detallado,0.0
GT-108,A1,D3_resultados_concretos,0.0
GT-108,A1,D4_consistencia,2.0
GT-108,A1,no_evaluable,0.0
GT-109,A1,D1_imryd_conclusiones,0.0
GT-109,A1,D1_imryd_metodologia,1.0
GT-109,A1,D1_imryd_objetivo,1.0
GT-109,A1,D1_imryd_resultados,1.0
GT-109,A1,D1_orden_logico,1.0
GT-109,A1,D2_coherencia,3.0
GT-109,A1,D3_conclusion_responde,0.0
GT-109,A1,D3_contextualizacion,1.0
GT-109,A1,D3_metodo_detallado,1.0
GT-109,A1,D3_resultados_concretos,1.0
GT-109,A1,D4_consistencia,2.0
GT-109,A1,no_evaluable,0.0
GT-110,A1,D1_imryd_conclusiones,0.0
GT-110,A1,D1_imryd_metodologia,1.0
GT-110,A1,D1_imryd_objetivo,1.0
GT-110,A1,D1_imryd_resultados,1.0
GT-110,A1,D1_orden_logico,1.0
GT-110,A1,D2_coherencia,2.0
GT-110,A1,D3_conclusion_responde,0.0
GT-110,A1,D3_contextualizacion,1.0
GT-110,A1,D3_metodo_detallado,1.0
GT-110,A1,D3_resultados_concretos,1.0
GT-110,A1,D4_consistencia,2.0
GT-110,A1,no_evaluable,0.0
GT-111,A1,D1_imryd_conclusiones,1.0
GT-111,A1,D1_imryd_metodologia,1.0
GT-111,A1,D1_imryd_objetivo,1.0
GT-111,A1,D1_imryd_resultados,1.0
GT-111,A1,D1_orden_logico,1.0
GT-111,A1,D2_coherencia,4.0
GT-111,A1,D3_conclusion_responde,1.0
GT-111,A1,D3_contextualizacion,1.0
GT-111,A1,D3_metodo_detallado,1.0
GT-111,A1,D3_resultados_concretos,1.0
GT-111,A1,D4_consistencia,2.0
GT-111,A1,no_evaluable,0.0
GT-112,A1,D1_imryd_conclusiones,1.0
GT-112,A1,D1_imryd_metodologia,1.0
GT-112,A1,D1_imryd_objetivo,1.0
GT-112,A1,D1_imryd_resultados,1.0
GT-112,A1,D1_orden_logico,1.0
GT-112,A1,D2_coherencia,5.0
GT-112,A1,D3_conclusion_responde,1.0
GT-112,A1,D3_contextualizacion,1.0
GT-112,A1,D3_metodo_detallado,1.0
GT-112,A1,D3_resultados_concretos,1.0
GT-112,A1,D4_consistencia,3.0
GT-112,A1,no_evaluable,0.0
GT-113,A1,D1_imryd_conclusiones,1.0
GT-113,A1,D1_imryd_metodologia,1.0
GT-113,A1,D1_imryd_objetivo,1.0
GT-113,A1,D1_imryd_resultados,1.0
GT-113,A1,D1_orden_logico,1.0
GT-113,A1,D2_coherencia,3.0
GT-113,A1,D3_conclusion_responde,1.0
GT-113,A1,D3_contextualizacion,1.0
GT-113,A1,D3_metodo_detallado,1.0
GT-113,A1,D3_resultados_concretos,1.0
GT-113,A1,D4_consistencia,4.0
GT-113,A1,no_evaluable,0.0
GT-114,A1,D1_imryd_conclusiones,1.0
GT-114,A1,D1_imryd_metodologia,1.0
GT-114,A1,D1_imryd_objetivo,1.0
GT-114,A1,D1_imryd_resultados,1.0
GT-114,A1,D1_orden_logico,1.0
GT-114,A1,D2_coherencia,2.0
GT-114,A1,D3_conclusion_responde,1.0
GT-114,A1,D3_contextualizacion,1.0
GT-114,A1,D3_metodo_detallado,1.0
GT-114,A1,D3_resultados_concretos,1.0
GT-114,A1,D4_consistencia,2.0
GT-114,A1,no_evaluable,0.0
GT-115,A1,D1_imryd_conclusiones,0.0
GT-115,A1,D1_imryd_metodologia,0.0
GT-115,A1,D1_imryd_objetivo,1.0
GT-115,A1,D1_imryd_resultados,0.0
GT-115,A1,D1_orden_logico,1.0
GT-115,A1,D2_coherencia,2.0
GT-115,A1,D3_conclusion_responde,0.0
GT-115,A1,D3_contextualizacion,1.0
GT-115,A1,D3_metodo_detallado,0.0
GT-115,A1,D3_resultados_concretos,0.0
GT-115,A1,no_evaluable,1.0
GT-116,A1,D1_imryd_conclusiones,1.0
GT-116,A1,D1_imryd_metodologia,1.0
GT-116,A1,D1_imryd_objetivo,1.0
GT-116,A1,D1_imryd_resultados,1.0
GT-116,A1,D1_orden_logico,1.0
GT-116,A1,D2_coherencia,2.0
GT-116,A1,D3_conclusion_responde,1.0
GT-116,A1,D3_contextualizacion,1.0
GT-116,A1,D3_metodo_detallado,1.0
GT-116,A1,D3_resultados_concretos,1.0
GT-116,A1,D4_consistencia,2.0
GT-116,A1,no_evaluable,0.0
GT-117,A1,D1_imryd_conclusiones,1.0
GT-117,A1,D1_imryd_metodologia,1.0
GT-117,A1,D1_imryd_objetivo,1.0
GT-117,A1,D1_imryd_resultados,1.0
GT-117,A1,D1_orden_logico,1.0
GT-117,A1,D2_coherencia,3.0
GT-117,A1,D3_conclusion_responde,1.0
GT-117,A1,D3_contextualizacion,1.0
GT-117,A1,D3_metodo_detallado,0.0
GT-117,A1,D3_resultados_concretos,1.0
GT-117,A1,D4_consistencia,2.0
GT-117,A1,no_evaluable,0.0
GT-118,A1,D1_imryd_conclusiones,1.0
GT-118,A1,D1_imryd_metodologia,1.0
GT-118,A1,D1_imryd_objetivo,1.0
GT-118,A1,D1_imryd_resultados,1.0
GT-118,A1,D1_orden_logico,1.0
GT-118,A1,D2_coherencia,2.0
GT-118,A1,D3_conclusion_responde,1.0
GT-118,A1,D3_contextualizacion,1.0
GT-118,A1,D3_metodo_detallado,1.0
GT-118,A1,D3_resultados_concretos,0.0
GT-118,A1,D4_consistencia,1.0
GT-118,A1,no_evaluable,0.0
GT-119,A1,D1_imryd_conclusiones,0.0
GT-119,A1,D1_imryd_metodologia,0.0
GT-119,A1,D1_imryd_objetivo,1.0
GT-119,A1,D1_imryd_resultados,1.0
GT-119,A1,D1_orden_logico,1.0
GT-119,A1,D2_coherencia,3.0
GT-119,A1,D3_conclusion_responde,0.0
GT-119,A1,D3_contextualizacion,1.0
GT-119,A1,D3_metodo_detallado,0.0
GT-119,A1,D3_resultados_concretos,1.0
GT-119,A1,no_evaluable,1.0
GT-120,A1,D1_imryd_conclusiones,0.0
GT-120,A1,D1_imryd_metodologia,1.0
GT-120,A1,D1_imryd_objetivo,1.0
GT-120,A1,D1_imryd_resultados,0.0
GT-120,A1,D1_orden_logico,1.0
GT-120,A1,D2_coherencia,3.0
GT-120,A1,D3_conclusion_responde,0.0
GT-120,A1,D3_contextualizacion,1.0
GT-120,A1,D3_metodo_detallado,1.0
GT-120,A1,D3_resultados_concretos,0.0
GT-120,A1,D4_consistencia,2.0
GT-120,A1,no_evaluable,0.0
GT-121,A1,D1_imryd_conclusiones,1.0
GT-121,A1,D1_imryd_metodologia,1.0
GT-121,A1,D1_imryd_objetivo,1.0
GT-121,A1,D1_imryd_resultados,1.0
GT-121,A1,D1_orden_logico,1.0
GT-121,A1,D2_coherencia,3.0
GT-121,A1,D3_conclusion_responde,1.0
GT-121,A1,D3_contextualizacion,1.0
GT-121,A1,D3_metodo_detallado,0.0
GT-121,A1,D3_resultados_concretos,0.0
GT-121,A1,D4_consistencia,3.0
GT-121,A1,no_evaluable,0.0
GT-122,A1,D1_imryd_conclusiones,1.0
GT-122,A1,D1_imryd_metodologia,1.0
GT-122,A1,D1_imryd_objetivo,1.0
GT-122,A1,D1_imryd_resultados,1.0
GT-122,A1,D1_orden_logico,1.0
GT-122,A1,D2_coherencia,3.0
GT-122,A1,D3_conclusion_responde,1.0
GT-122,A1,D3_contextualizacion,1.0
GT-122,A1,D3_metodo_detallado,1.0
GT-122,A1,D3_resultados_concretos,1.0
GT-122,A1,D4_consistencia,3.0
GT-122,A1,no_evaluable,0.0
GT-123,A1,D1_imryd_conclusiones,1.0
GT-123,A1,D1_imryd_metodologia,1.0
GT-123,A1,D1_imryd_objetivo,1.0
GT-123,A1,D1_imryd_resultados,1.0
GT-123,A1,D1_orden_logico,1.0
GT-123,A1,D2_coherencia,4.0
GT-123,A1,D3_conclusion_responde,1.0
GT-123,A1,D3_contextualizacion,1.0
GT-123,A1,D3_metodo_detallado,1.0
GT-123,A1,D3_resultados_concretos,1.0
GT-123,A1,D4_consistencia,3.0
GT-123,A1,no_evaluable,0.0
GT-124,A1,D1_imryd_conclusiones,1.0
GT-124,A1,D1_imryd_metodologia,1.0
GT-124,A1,D1_imryd_objetivo,1.0
GT-124,A1,D1_imryd_resultados,1.0
GT-124,A1,D1_orden_logico,1.0
GT-124,A1,D2_coherencia,2.0
GT-124,A1,D3_conclusion_responde,1.0
GT-124,A1,D3_contextualizacion,1.0
GT-124,A1,D3_metodo_detallado,1.0
GT-124,A1,D3_resultados_concretos,1.0
GT-124,A1,D4_consistencia,2.0
GT-124,A1,no_evaluable,0.0
GT-125,A1,D1_imryd_conclusiones,1.0
GT-125,A1,D1_imryd_metodologia,1.0
GT-125,A1,D1_imryd_objetivo,1.0
GT-125,A1,D1_imryd_resultados,1.0
GT-125,A1,D1_orden_logico,1.0
GT-125,A1,D2_coherencia,3.0
GT-125,A1,D3_conclusion_responde,1.0
GT-125,A1,D3_contextualizacion,1.0
GT-125,A1,D3_metodo_detallado,1.0
GT-125,A1,D3_resultados_concretos,1.0
GT-125,A1,D4_consistencia,2.0
GT-125,A1,no_evaluable,0.0
GT-126,A1,D1_imryd_conclusiones,1.0
GT-126,A1,D1_imryd_metodologia,1.0
GT-126,A1,D1_imryd_objetivo,1.0
GT-126,A1,D1_imryd_resultados,1.0
GT-126,A1,D1_orden_logico,1.0
GT-126,A1,D2_coherencia,3.0
GT-126,A1,D3_conclusion_responde,1.0
GT-126,A1,D3_contextualizacion,1.0
GT-126,A1,D3_metodo_detallado,1.0
GT-126,A1,D3_resultados_concretos,1.0
GT-126,A1,D4_consistencia,2.0
GT-126,A1,no_evaluable,0.0
GT-127,A1,D1_imryd_conclusiones,1.0
GT-127,A1,D1_imryd_metodologia,1.0
GT-127,A1,D1_imryd_objetivo,1.0
GT-127,A1,D1_imryd_resultados,1.0
GT-127,A1,D1_orden_logico,1.0
GT-127,A1,D2_coherencia,3.0
GT-127,A1,D3_conclusion_responde,1.0
GT-127,A1,D3_contextualizacion,1.0
GT-127,A1,D3_metodo_detallado,1.0
GT-127,A1,D3_resultados_concretos,1.0
GT-127,A1,D4_consistencia,4.0
GT-127,A1,no_evaluable,0.0
GT-128,A1,D1_imryd_conclusiones,1.0
GT-128,A1,D1_imryd_metodologia,1.0
GT-128,A1,D1_imryd_objetivo,1.0
GT-128,A1,D1_imryd_resultados,1.0
GT-128,A1,D1_orden_logico,1.0
GT-128,A1,D2_coherencia,2.0
GT-128,A1,D3_conclusion_responde,1.0
GT-128,A1,D3_contextualizacion,1.0
GT-128,A1,D3_metodo_detallado,1.0
GT-128,A1,D3_resultados_concretos,1.0
GT-128,A1,D4_consistencia,1.0
GT-128,A1,no_evaluable,0.0
GT-129,A1,D1_imryd_conclusiones,1.0
GT-129,A1,D1_imryd_metodologia,1.0
GT-129,A1,D1_imryd_objetivo,1.0
GT-129,A1,D1_imryd_resultados,1.0
GT-129,A1,D1_orden_logico,1.0
GT-129,A1,D2_coherencia,3.0
GT-129,A1,D3_conclusion_responde,1.0
GT-129,A1,D3_contextualizacion,1.0
GT-129,A1,D3_metodo_detallado,1.0
GT-129,A1,D3_resultados_concretos,1.0
GT-129,A1,D4_consistencia,1.0
GT-129,A1,no_evaluable,0.0
GT-130,A1,D1_imryd_conclusiones,1.0
GT-130,A1,D1_imryd_metodologia,1.0
GT-130,A1,D1_imryd_objetivo,1.0
GT-130,A1,D1_imryd_resultados,1.0
GT-130,A1,D1_orden_logico,1.0
GT-130,A1,D2_coherencia,4.0
GT-130,A1,D3_conclusion_responde,0.0
GT-130,A1,D3_contextualizacion,1.0
GT-130,A1,D3_metodo_detallado,1.0
GT-130,A1,D3_resultados_concretos,1.0
GT-130,A1,D4_consistencia,2.0
GT-130,A1,no_evaluable,0.0
GT-131,A1,D1_imryd_conclusiones,0.0
GT-131,A1,D1_imryd_metodologia,1.0
GT-131,A1,D1_imryd_objetivo,1.0
GT-131,A1,D1_imryd_resultados,0.0
GT-131,A1,D1_orden_logico,1.0
GT-131,A1,D2_coherencia,3.0
GT-131,A1,D3_conclusion_responde,0.0
GT-131,A1,D3_contextualizacion,1.0
GT-131,A1,D3_metodo_detallado,1.0
GT-131,A1,D3_resultados_concretos,0.0
GT-131,A1,D4_consistencia,2.0
GT-131,A1,no_evaluable,0.0
GT-132,A1,D1_imryd_conclusiones,0.0
GT-132,A1,D1_imryd_metodologia,1.0
GT-132,A1,D1_imryd_objetivo,1.0
GT-132,A1,D1_imryd_resultados,1.0
GT-132,A1,D1_orden_logico,1.0
GT-132,A1,D2_coherencia,3.0
GT-132,A1,D3_conclusion_responde,0.0
GT-132,A1,D3_contextualizacion,1.0
GT-132,A1,D3_metodo_detallado,1.0
GT-132,A1,D3_resultados_concretos,1.0
GT-132,A1,D4_consistencia,2.0
GT-132,A1,no_evaluable,0.0
GT-133,A1,D1_imryd_conclusiones,1.0
GT-133,A1,D1_imryd_metodologia,1.0
GT-133,A1,D1_imryd_objetivo,1.0
GT-133,A1,D1_imryd_resultados,1.0
GT-133,A1,D1_orden_logico,1.0
GT-133,A1,D2_coherencia,3.0
GT-133,A1,D3_conclusion_responde,1.0
GT-133,A1,D3_contextualizacion,1.0
GT-133,A1,D3_metodo_detallado,1.0
GT-133,A1,D3_resultados_concretos,1.0
GT-133,A1,D4_consistencia,2.0
GT-133,A1,no_evaluable,0.0
GT-134,A1,D1_imryd_conclusiones,0.0
GT-134,A1,D1_imryd_metodologia,1.0
GT-134,A1,D1_imryd_objetivo,1.0
GT-134,A1,D1_imryd_resultados,1.0
GT-134,A1,D1_orden_logico,1.0
GT-134,A1,D2_coherencia,3.0
GT-134,A1,D3_conclusion_responde,0.0
GT-134,A1,D3_contextualizacion,1.0
GT-134,A1,D3_metodo_detallado,1.0
GT-134,A1,D3_resultados_concretos,0.0
GT-134,A1,D4_consistencia,2.0
GT-134,A1,no_evaluable,0.0
GT-135,A1,D1_imryd_conclusiones,1.0
GT-135,A1,D1_imryd_metodologia,1.0
GT-135,A1,D1_imryd_objetivo,1.0
GT-135,A1,D1_imryd_resultados,1.0
GT-135,A1,D1_orden_logico,1.0
GT-135,A1,D2_coherencia,3.0
GT-135,A1,D3_conclusion_responde,1.0
GT-135,A1,D3_contextualizacion,1.0
GT-135,A1,D3_metodo_detallado,1.0
GT-135,A1,D3_resultados_concretos,1.0
GT-135,A1,D4_consistencia,1.0
GT-135,A1,no_evaluable,0.0
GT-136,A1,D1_imryd_conclusiones,1.0
GT-136,A1,D1_imryd_metodologia,1.0
GT-136,A1,D1_imryd_objetivo,1.0
GT-136,A1,D1_imryd_resultados,1.0
GT-136,A1,D1_orden_logico,1.0
GT-136,A1,D2_coherencia,4.0
GT-136,A1,D3_conclusion_responde,1.0
GT-136,A1,D3_contextualizacion,0.0
GT-136,A1,D3_metodo_detallado,1.0
GT-136,A1,D3_resultados_concretos,1.0
GT-136,A1,D4_consistencia,3.0
GT-136,A1,no_evaluable,0.0
GT-137,A1,D1_imryd_conclusiones,0.0
GT-137,A1,D1_imryd_metodologia,1.0
GT-137,A1,D1_imryd_objetivo,1.0
GT-137,A1,D1_imryd_resultados,1.0
GT-137,A1,D1_orden_logico,1.0
GT-137,A1,D2_coherencia,3.0
GT-137,A1,D3_conclusion_responde,0.0
GT-137,A1,D3_contextualizacion,1.0
GT-137,A1,D3_metodo_detallado,1.0
GT-137,A1,D3_resultados_concretos,1.0
GT-137,A1,D4_consistencia,3.0
GT-137,A1,no_evaluable,0.0
GT-138,A1,D1_imryd_conclusiones,0.0
GT-138,A1,D1_imryd_metodologia,1.0
GT-138,A1,D1_imryd_objetivo,1.0
GT-138,A1,D1_imryd_resultados,1.0
GT-138,A1,D1_orden_logico,1.0
GT-138,A1,D2_coherencia,3.0
GT-138,A1,D3_conclusion_responde,0.0
GT-138,A1,D3_contextualizacion,1.0
GT-138,A1,D3_metodo_detallado,1.0
GT-138,A1,D3_resultados_concretos,1.0
GT-138,A1,D4_consistencia,2.0
GT-138,A1,no_evaluable,0.0
GT-139,A1,D1_imryd_conclusiones,1.0
GT-139,A1,D1_imryd_metodologia,1.0
GT-139,A1,D1_imryd_objetivo,1.0
GT-139,A1,D1_imryd_resultados,1.0
GT-139,A1,D1_orden_logico,1.0
GT-139,A1,D2_coherencia,3.0
GT-139,A1,D3_conclusion_responde,1.0
GT-139,A1,D3_contextualizacion,1.0
GT-139,A1,D3_metodo_detallado,0.0
GT-139,A1,D3_resultados_concretos,1.0
GT-139,A1,D4_consistencia,2.0
GT-139,A1,no_evaluable,0.0
GT-140,A1,D1_imryd_conclusiones,1.0
GT-140,A1,D1_imryd_metodologia,1.0
GT-140,A1,D1_imryd_objetivo,1.0
GT-140,A1,D1_imryd_resultados,1.0
GT-140,A1,D1_orden_logico,1.0
GT-140,A1,D2_coherencia,3.0
GT-140,A1,D3_conclusion_responde,1.0
GT-140,A1,D3_contextualizacion,1.0
GT-140,A1,D3_metodo_detallado,1.0
GT-140,A1,D3_resultados_concretos,1.0
GT-140,A1,D4_consistencia,2.0
GT-140,A1,no_evaluable,0.0
GT-141,A1,D1_imryd_conclusiones,0.0
GT-141,A1,D1_imryd_metodologia,1.0
GT-141,A1,D1_imryd_objetivo,1.0
GT-141,A1,D1_imryd_resultados,1.0
GT-141,A1,D1_orden_logico,0.0
GT-141,A1,D2_coherencia,3.0
GT-141,A1,D3_conclusion_responde,0.0
GT-141,A1,D3_contextualizacion,1.0
GT-141,A1,D3_metodo_detallado,1.0
GT-141,A1,D3_resultados_concretos,0.0
GT-141,A1,D4_consistencia,2.0
GT-141,A1,no_evaluable,0.0
GT-142,A1,D1_imryd_conclusiones,1.0
GT-142,A1,D1_imryd_metodologia,1.0
GT-142,A1,D1_imryd_objetivo,1.0
GT-142,A1,D1_imryd_resultados,1.0
GT-142,A1,D1_orden_logico,1.0
GT-142,A1,D2_coherencia,4.0
GT-142,A1,D3_conclusion_responde,1.0
GT-142,A1,D3_contextualizacion,1.0
GT-142,A1,D3_metodo_detallado,1.0
GT-142,A1,D3_resultados_concretos,1.0
GT-142,A1,D4_consistencia,3.0
GT-142,A1,no_evaluable,0.0
GT-143,A1,D1_imryd_conclusiones,1.0
GT-143,A1,D1_imryd_metodologia,1.0
GT-143,A1,D1_imryd_objetivo,0.0
GT-143,A1,D1_imryd_resultados,1.0
GT-143,A1,D1_orden_logico,1.0
GT-143,A1,D2_coherencia,2.0
GT-143,A1,D3_conclusion_responde,1.0
GT-143,A1,D3_contextualizacion,1.0
GT-143,A1,D3_metodo_detallado,1.0
GT-143,A1,D3_resultados_concretos,0.0
GT-143,A1,D4_consistencia,2.0
GT-143,A1,no_evaluable,0.0
GT-144,A1,D1_imryd_conclusiones,1.0
GT-144,A1,D1_imryd_metodologia,1.0
GT-144,A1,D1_imryd_objetivo,1.0
GT-144,A1,D1_imryd_resultados,1.0
GT-144,A1,D1_orden_logico,1.0
GT-144,A1,D2_coherencia,4.0
GT-144,A1,D3_conclusion_responde,1.0
GT-144,A1,D3_contextualizacion,0.0
GT-144,A1,D3_metodo_detallado,1.0
GT-144,A1,D3_resultados_concretos,1.0
GT-144,A1,D4_consistencia,3.0
GT-144,A1,no_evaluable,0.0
GT-145,A1,D1_imryd_conclusiones,1.0
GT-145,A1,D1_imryd_metodologia,1.0
GT-145,A1,D1_imryd_objetivo,1.0
GT-145,A1,D1_imryd_resultados,1.0
GT-145,A1,D1_orden_logico,1.0
GT-145,A1,D2_coherencia,2.0
GT-145,A1,D3_conclusion_responde,1.0
GT-145,A1,D3_contextualizacion,1.0
GT-145,A1,D3_metodo_detallado,1.0
GT-145,A1,D3_resultados_concretos,0.0
GT-145,A1,D4_consistencia,3.0
GT-145,A1,no_evaluable,0.0
GT-146,A1,D1_imryd_conclusiones,1.0
GT-146,A1,D1_imryd_metodologia,1.0
GT-146,A1,D1_imryd_objetivo,1.0
GT-146,A1,D1_imryd_resultados,1.0
GT-146,A1,D1_orden_logico,1.0
GT-146,A1,D2_coherencia,3.0
GT-146,A1,D3_conclusion_responde,1.0
GT-146,A1,D3_contextualizacion,1.0
GT-146,A1,D3_metodo_detallado,1.0
GT-146,A1,D3_resultados_concretos,1.0
GT-146,A1,D4_consistencia,3.0
GT-146,A1,no_evaluable,0.0
GT-147,A1,D1_imryd_conclusiones,1.0
GT-147,A1,D1_imryd_metodologia,1.0
GT-147,A1,D1_imryd_objetivo,1.0
GT-147,A1,D1_imryd_resultados,1.0
GT-147,A1,D1_orden_logico,1.0
GT-147,A1,D2_coherencia,4.0
GT-147,A1,D3_conclusion_responde,1.0
GT-147,A1,D3_contextualizacion,1.0
GT-147,A1,D3_metodo_detallado,1.0
GT-147,A1,D3_resultados_concretos,1.0
GT-147,A1,D4_consistencia,1.0
GT-147,A1,no_evaluable,0.0
GT-148,A1,D1_imryd_conclusiones,1.0
GT-148,A1,D1_imryd_metodologia,1.0
GT-148,A1,D1_imryd_objetivo,1.0
GT-148,A1,D1_imryd_resultados,1.0
GT-148,A1,D1_orden_logico,1.0
GT-148,A1,D2_coherencia,3.0
GT-148,A1,D3_conclusion_responde,0.0
GT-148,A1,D3_contextualizacion,1.0
GT-148,A1,D3_metodo_detallado,1.0
GT-148,A1,D3_resultados_concretos,0.0
GT-148,A1,D4_consistencia,2.0
GT-148,A1,no_evaluable,0.0
GT-149,A1,D1_imryd_conclusiones,1.0
GT-149,A1,D1_imryd_metodologia,1.0
GT-149,A1,D1_imryd_objetivo,1.0
GT-149,A1,D1_imryd_resultados,1.0
GT-149,A1,D1_orden_logico,1.0
GT-149,A1,D2_coherencia,4.0
GT-149,A1,D3_conclusion_responde,1.0
GT-149,A1,D3_contextualizacion,1.0
GT-149,A1,D3_metodo_detallado,0.0
GT-149,A1,D3_resultados_concretos,1.0
GT-149,A1,D4_consistencia,3.0
GT-149,A1,no_evaluable,0.0
GT-150,A1,D1_imryd_conclusiones,1.0
GT-150,A1,D1_imryd_metodologia,1.0
GT-150,A1,D1_imryd_objetivo,1.0
GT-150,A1,D1_imryd_resultados,1.0
GT-150,A1,D1_orden_logico,1.0
GT-150,A1,D2_coherencia,3.0
GT-150,A1,D3_conclusion_responde,1.0
GT-150,A1,D3_contextualizacion,1.0
GT-150,A1,D3_metodo_detallado,1.0
GT-150,A1,D3_resultados_concretos,1.0
GT-150,A1,D4_consistencia,2.0
GT-150,A1,no_evaluable,0.0
GT-151,A1,D1_imryd_conclusiones,1.0
GT-151,A1,D1_imryd_metodologia,1.0
GT-151,A1,D1_imryd_objetivo,1.0
GT-151,A1,D1_imryd_resultados,1.0
GT-151,A1,D1_orden_logico,1.0
GT-151,A1,D2_coherencia,3.0
GT-151,A1,D3_conclusion_responde,1.0
GT-151,A1,D3_contextualizacion,1.0
GT-151,A1,D3_metodo_detallado,1.0
GT-151,A1,D3_resultados_concretos,1.0
GT-151,A1,D4_consistencia,3.0
GT-151,A1,no_evaluable,0.0
GT-152,A1,D1_imryd_conclusiones,1.0
GT-152,A1,D1_imryd_metodologia,1.0
GT-152,A1,D1_imryd_objetivo,1.0
GT-152,A1,D1_imryd_resultados,1.0
GT-152,A1,D1_orden_logico,1.0
GT-152,A1,D2_coherencia,3.0
GT-152,A1,D3_conclusion_responde,1.0
GT-152,A1,D3_contextualizacion,1.0
GT-152,A1,D3_metodo_detallado,1.0
GT-152,A1,D3_resultados_concretos,1.0
GT-152,A1,D4_consistencia,1.0
GT-152,A1,no_evaluable,0.0
GT-153,A1,D1_imryd_conclusiones,1.0
GT-153,A1,D1_imryd_metodologia,1.0
GT-153,A1,D1_imryd_objetivo,1.0
GT-153,A1,D1_imryd_resultados,1.0
GT-153,A1,D1_orden_logico,1.0
GT-153,A1,D2_coherencia,4.0
GT-153,A1,D3_conclusion_responde,1.0
GT-153,A1,D3_contextualizacion,1.0
GT-153,A1,D3_metodo_detallado,1.0
GT-153,A1,D3_resultados_concretos,0.0
GT-153,A1,D4_consistencia,2.0
GT-153,A1,no_evaluable,0.0
GT-154,A1,D1_imryd_conclusiones,0.0
GT-154,A1,D1_imryd_metodologia,1.0
GT-154,A1,D1_imryd_objetivo,1.0
GT-154,A1,D1_imryd_resultados,1.0
GT-154,A1,D1_orden_logico,1.0
GT-154,A1,D2_coherencia,2.0
GT-154,A1,D3_conclusion_responde,0.0
GT-154,A1,D3_contextualizacion,1.0
GT-154,A1,D3_metodo_detallado,0.0
GT-154,A1,D3_resultados_concretos,1.0
GT-154,A1,D4_consistencia,2.0
GT-154,A1,no_evaluable,0.0
GT-155,A1,D1_imryd_conclusiones,0.0
GT-155,A1,D1_imryd_metodologia,1.0
GT-155,A1,D1_imryd_objetivo,1.0
GT-155,A1,D1_imryd_resultados,1.0
GT-155,A1,D1_orden_logico,1.0
GT-155,A1,D2_coherencia,2.0
GT-155,A1,D3_conclusion_responde,0.0
GT-155,A1,D3_contextualizacion,0.0
GT-155,A1,D3_metodo_detallado,1.0
GT-155,A1,D3_resultados_concretos,1.0
GT-155,A1,D4_consistencia,2.0
GT-155,A1,no_evaluable,0.0
GT-156,A1,D1_imryd_conclusiones,0.0
GT-156,A1,D1_imryd_metodologia,0.0
GT-156,A1,D1_imryd_objetivo,1.0
GT-156,A1,D1_imryd_resultados,0.0
GT-156,A1,D1_orden_logico,1.0
GT-156,A1,D2_coherencia,2.0
GT-156,A1,D3_conclusion_responde,0.0
GT-156,A1,D3_contextualizacion,1.0
GT-156,A1,D3_metodo_detallado,0.0
GT-156,A1,D3_resultados_concretos,0.0
GT-156,A1,no_evaluable,1.0
GT-157,A1,D1_imryd_conclusiones,0.0
GT-157,A1,D1_imryd_metodologia,1.0
GT-157,A1,D1_imryd_objetivo,1.0
GT-157,A1,D1_imryd_resultados,0.0
GT-157,A1,D1_orden_logico,1.0
GT-157,A1,D2_coherencia,2.0
GT-157,A1,D3_conclusion_responde,0.0
GT-157,A1,D3_contextualizacion,1.0
GT-157,A1,D3_metodo_detallado,1.0
GT-157,A1,D3_resultados_concretos,0.0
GT-157,A1,D4_consistencia,2.0
GT-157,A1,no_evaluable,0.0
GT-158,A1,D1_imryd_conclusiones,1.0
GT-158,A1,D1_imryd_metodologia,1.0
GT-158,A1,D1_imryd_objetivo,1.0
GT-158,A1,D1_imryd_resultados,1.0
GT-158,A1,D1_orden_logico,1.0
GT-158,A1,D2_coherencia,4.0
GT-158,A1,D3_conclusion_responde,1.0
GT-158,A1,D3_contextualizacion,1.0
GT-158,A1,D3_metodo_detallado,1.0
GT-158,A1,D3_resultados_concretos,1.0
GT-158,A1,D4_consistencia,3.0
GT-158,A1,no_evaluable,0.0
GT-159,A1,D1_imryd_conclusiones,1.0
GT-159,A1,D1_imryd_metodologia,1.0
GT-159,A1,D1_imryd_objetivo,1.0
GT-159,A1,D1_imryd_resultados,1.0
GT-159,A1,D1_orden_logico,1.0
GT-159,A1,D2_coherencia,4.0
GT-159,A1,D3_conclusion_responde,1.0
GT-159,A1,D3_contextualizacion,1.0
GT-159,A1,D3_metodo_detallado,1.0
GT-159,A1,D3_resultados_concretos,1.0
GT-159,A1,D4_consistencia,3.0
GT-159,A1,no_evaluable,0.0
GT-160,A1,D1_imryd_conclusiones,1.0
GT-160,A1,D1_imryd_metodologia,1.0
GT-160,A1,D1_imryd_objetivo,1.0
GT-160,A1,D1_imryd_resultados,1.0
GT-160,A1,D1_orden_logico,1.0
GT-160,A1,D2_coherencia,3.0
GT-160,A1,D3_conclusion_responde,1.0
GT-160,A1,D3_contextualizacion,1.0
GT-160,A1,D3_metodo_detallado,1.0
GT-160,A1,D3_resultados_concretos,1.0
GT-160,A1,D4_consistencia,4.0
GT-160,A1,no_evaluable,0.0
GT-001,A2,D1_imryd_conclusiones,0.0
GT-001,A2,D1_imryd_metodologia,1.0
GT-001,A2,D1_imryd_objetivo,1.0
GT-001,A2,D1_imryd_resultados,1.0
GT-001,A2,D1_orden_logico,1.0
GT-001,A2,D2_coherencia,2.0
GT-001,A2,D3_conclusion_responde,0.0
GT-001,A2,D3_contextualizacion,1.0
GT-001,A2,D3_metodo_detallado,0.0
GT-001,A2,D3_resultados_concretos,1.0
GT-001,A2,D4_consistencia,2.0
GT-001,A2,no_evaluable,0.0
GT-002,A2,D1_imryd_conclusiones,1.0
GT-002,A2,D1_imryd_metodologia,0.0
GT-002,A2,D1_imryd_objetivo,1.0
GT-002,A2,D1_imryd_resultados,0.0
GT-002,A2,D1_orden_logico,0.0
GT-002,A2,D2_coherencia,2.0
GT-002,A2,D3_conclusion_responde,1.0
GT-002,A2,D3_contextualizacion,0.0
GT-002,A2,D3_metodo_detallado,0.0
GT-002,A2,D3_resultados_concretos,0.0
GT-002,A2,D4_consistencia,2.0
GT-002,A2,no_evaluable,0.0
GT-003,A2,D1_imryd_conclusiones,0.0
GT-003,A2,D1_imryd_metodologia,0.0
GT-003,A2,D1_imryd_objetivo,1.0
GT-003,A2,D1_imryd_resultados,0.0
GT-003,A2,D1_orden_logico,1.0
GT-003,A2,D2_coherencia,3.0
GT-003,A2,D3_conclusion_responde,0.0
GT-003,A2,D3_contextualizacion,0.0
GT-003,A2,D3_metodo_detallado,0.0
GT-003,A2,D3_resultados_concretos,0.0
GT-003,A2,no_evaluable,1.0
GT-004,A2,D1_imryd_conclusiones,1.0
GT-004,A2,D1_imryd_metodologia,1.0
GT-004,A2,D1_imryd_objetivo,1.0
GT-004,A2,D1_imryd_resultados,1.0
GT-004,A2,D1_orden_logico,1.0
GT-004,A2,D2_coherencia,5.0
GT-004,A2,D3_conclusion_responde,1.0
GT-004,A2,D3_contextualizacion,1.0
GT-004,A2,D3_metodo_detallado,1.0
GT-004,A2,D3_resultados_concretos,0.0
GT-004,A2,D4_consistencia,2.0
GT-004,A2,no_evaluable,0.0
GT-005,A2,D1_imryd_conclusiones,0.0
GT-005,A2,D1_imryd_metodologia,1.0
GT-005,A2,D1_imryd_objetivo,1.0
GT-005,A2,D1_imryd_resultados,1.0
GT-005,A2,D1_orden_logico,1.0
GT-005,A2,D2_coherencia,4.0
GT-005,A2,D3_conclusion_responde,0.0
GT-005,A2,D3_contextualizacion,1.0
GT-005,A2,D3_metodo_detallado,1.0
GT-005,A2,D3_resultados_concretos,1.0
GT-005,A2,D4_consistencia,4.0
GT-005,A2,no_evaluable,0.0
GT-006,A2,D1_imryd_conclusiones,0.0
GT-006,A2,D1_imryd_metodologia,1.0
GT-006,A2,D1_imryd_objetivo,1.0
GT-006,A2,D1_imryd_resultados,0.0
GT-006,A2,D1_orden_logico,1.0
GT-006,A2,D2_coherencia,3.0
GT-006,A2,D3_conclusion_responde,0.0
GT-006,A2,D3_contextualizacion,1.0
GT-006,A2,D3_metodo_detallado,1.0
GT-006,A2,D3_resultados_concretos,0.0
GT-006,A2,D4_consistencia,2.0
GT-006,A2,no_evaluable,0.0
GT-007,A2,D1_imryd_conclusiones,0.0
GT-007,A2,D1_imryd_metodologia,1.0
GT-007,A2,D1_imryd_objetivo,1.0
GT-007,A2,D1_imryd_resultados,1.0
GT-007,A2,D1_orden_logico,1.0
GT-007,A2,D2_coherencia,2.0
GT-007,A2,D3_conclusion_responde,0.0
GT-007,A2,D3_contextualizacion,1.0
GT-007,A2,D3_metodo_detallado,1.0
GT-007,A2,D3_resultados_concretos,1.0
GT-007,A2,D4_consistencia,2.0
GT-007,A2,no_evaluable,0.0
GT-008,A2,D1_imryd_conclusiones,1.0
GT-008,A2,D1_imryd_metodologia,1.0
GT-008,A2,D1_imryd_objetivo,1.0
GT-008,A2,D1_imryd_resultados,1.0
GT-008,A2,D1_orden_logico,1.0
GT-008,A2,D2_coherencia,4.0
GT-008,A2,D3_conclusion_responde,1.0
GT-008,A2,D3_contextualizacion,1.0
GT-008,A2,D3_metodo_detallado,1.0
GT-008,A2,D3_resultados_concretos,1.0
GT-008,A2,D4_consistencia,3.0
GT-008,A2,no_evaluable,0.0
GT-009,A2,D1_imryd_conclusiones,1.0
GT-009,A2,D1_imryd_metodologia,1.0
GT-009,A2,D1_imryd_objetivo,1.0
GT-009,A2,D1_imryd_resultados,1.0
GT-009,A2,D1_orden_logico,1.0
GT-009,A2,D2_coherencia,3.0
GT-009,A2,D3_conclusion_responde,1.0
GT-009,A2,D3_contextualizacion,1.0
GT-009,A2,D3_metodo_detallado,1.0
GT-009,A2,D3_resultados_concretos,1.0
GT-009,A2,D4_consistencia,2.0
GT-009,A2,no_evaluable,0.0
GT-010,A2,D1_imryd_conclusiones,0.0
GT-010,A2,D1_imryd_metodologia,1.0
GT-010,A2,D1_imryd_objetivo,1.0
GT-010,A2,D1_imryd_resultados,1.0
GT-010,A2,D1_orden_logico,0.0
GT-010,A2,D2_coherencia,2.0
GT-010,A2,D3_conclusion_responde,0.0
GT-010,A2,D3_contextualizacion,1.0
GT-010,A2,D3_metodo_detallado,1.0
GT-010,A2,D3_resultados_concretos,1.0
GT-010,A2,D4_consistencia,2.0
GT-010,A2,no_evaluable,0.0
GT-011,A2,D1_imryd_conclusiones,1.0
GT-011,A2,D1_imryd_metodologia,1.0
GT-011,A2,D1_imryd_objetivo,1.0
GT-011,A2,D1_imryd_resultados,1.0
GT-011,A2,D1_orden_logico,1.0
GT-011,A2,D2_coherencia,4.0
GT-011,A2,D3_conclusion_responde,1.0
GT-011,A2,D3_contextualizacion,0.0
GT-011,A2,D3_metodo_detallado,1.0
GT-011,A2,D3_resultados_concretos,1.0
GT-011,A2,D4_consistencia,3.0
GT-011,A2,no_evaluable,0.0
GT-012,A2,D1_imryd_conclusiones,1.0
GT-012,A2,D1_imryd_metodologia,1.0
GT-012,A2,D1_imryd_objetivo,1.0
GT-012,A2,D1_imryd_resultados,1.0
GT-012,A2,D1_orden_logico,1.0
GT-012,A2,D2_coherencia,4.0
GT-012,A2,D3_conclusion_responde,1.0
GT-012,A2,D3_contextualizacion,1.0
GT-012,A2,D3_metodo_detallado,1.0
GT-012,A2,D3_resultados_concretos,1.0
GT-012,A2,D4_consistencia,3.0
GT-012,A2,no_evaluable,0.0
GT-013,A2,D1_imryd_conclusiones,1.0
GT-013,A2,D1_imryd_metodologia,1.0
GT-013,A2,D1_imryd_objetivo,1.0
GT-013,A2,D1_imryd_resultados,1.0
GT-013,A2,D1_orden_logico,1.0
GT-013,A2,D2_coherencia,3.0
GT-013,A2,D3_conclusion_responde,1.0
GT-013,A2,D3_contextualizacion,1.0
GT-013,A2,D3_metodo_detallado,1.0
GT-013,A2,D3_resultados_concretos,1.0
GT-013,A2,D4_consistencia,3.0
GT-013,A2,no_evaluable,0.0
GT-014,A2,D1_imryd_conclusiones,1.0
GT-014,A2,D1_imryd_metodologia,1.0
GT-014,A2,D1_imryd_objetivo,1.0
GT-014,A2,D1_imryd_resultados,1.0
GT-014,A2,D1_orden_logico,1.0
GT-014,A2,D2_coherencia,2.0
GT-014,A2,D3_conclusion_responde,1.0
GT-014,A2,D3_contextualizacion,1.0
GT-014,A2,D3_metodo_detallado,0.0
GT-014,A2,D3_resultados_concretos,1.0
GT-014,A2,D4_consistencia,2.0
GT-014,A2,no_evaluable,0.0
GT-015,A2,D1_imryd_conclusiones,1.0
GT-015,A2,D1_imryd_metodologia,1.0
GT-015,A2,D1_imryd_objetivo,1.0
GT-015,A2,D1_imryd_resultados,1.0
GT-015,A2,D1_orden_logico,1.0
GT-015,A2,D2_coherencia,3.0
GT-015,A2,D3_conclusion_responde,1.0
GT-015,A2,D3_contextualizacion,1.0
GT-015,A2,D3_metodo_detallado,1.0
GT-015,A2,D3_resultados_concretos,1.0
GT-015,A2,D4_consistencia,1.0
GT-015,A2,no_evaluable,0.0
GT-016,A2,D1_imryd_conclusiones,1.0
GT-016,A2,D1_imryd_metodologia,1.0
GT-016,A2,D1_imryd_objetivo,1.0
GT-016,A2,D1_imryd_resultados,0.0
GT-016,A2,D1_orden_logico,1.0
GT-016,A2,D2_coherencia,4.0
GT-016,A2,D3_conclusion_responde,1.0
GT-016,A2,D3_contextualizacion,1.0
GT-016,A2,D3_metodo_detallado,1.0
GT-016,A2,D3_resultados_concretos,0.0
GT-016,A2,D4_consistencia,2.0
GT-016,A2,no_evaluable,0.0
GT-017,A2,D1_imryd_conclusiones,1.0
GT-017,A2,D1_imryd_metodologia,1.0
GT-017,A2,D1_imryd_objetivo,1.0
GT-017,A2,D1_imryd_resultados,1.0
GT-017,A2,D1_orden_logico,1.0
GT-017,A2,D2_coherencia,3.0
GT-017,A2,D3_conclusion_responde,1.0
GT-017,A2,D3_contextualizacion,1.0
GT-017,A2,D3_metodo_detallado,1.0
GT-017,A2,D3_resultados_concretos,1.0
GT-017,A2,D4_consistencia,2.0
GT-017,A2,no_evaluable,0.0
GT-018,A2,D1_imryd_conclusiones,0.0
GT-018,A2,D1_imryd_metodologia,1.0
GT-018,A2,D1_imryd_objetivo,1.0
GT-018,A2,D1_imryd_resultados,1.0
GT-018,A2,D1_orden_logico,1.0
GT-018,A2,D2_coherencia,3.0
GT-018,A2,D3_conclusion_responde,0.0
GT-018,A2,D3_contextualizacion,1.0
GT-018,A2,D3_metodo_detallado,1.0
GT-018,A2,D3_resultados_concretos,0.0
GT-018,A2,D4_consistencia,3.0
GT-018,A2,no_evaluable,0.0
GT-019,A2,D1_imryd_conclusiones,1.0
GT-019,A2,D1_imryd_metodologia,1.0
GT-019,A2,D1_imryd_objetivo,1.0
GT-019,A2,D1_imryd_resultados,1.0
GT-019,A2,D1_orden_logico,1.0
GT-019,A2,D2_coherencia,3.0
GT-019,A2,D3_conclusion_responde,1.0
GT-019,A2,D3_contextualizacion,0.0
GT-019,A2,D3_metodo_detallado,1.0
GT-019,A2,D3_resultados_concretos,1.0
GT-019,A2,D4_consistencia,3.0
GT-019,A2,no_evaluable,0.0
GT-020,A2,D1_imryd_conclusiones,1.0
GT-020,A2,D1_imryd_metodologia,1.0
GT-020,A2,D1_imryd_objetivo,1.0
GT-020,A2,D1_imryd_resultados,1.0
GT-020,A2,D1_orden_logico,1.0
GT-020,A2,D2_coherencia,5.0
GT-020,A2,D3_conclusion_responde,1.0
GT-020,A2,D3_contextualizacion,1.0
GT-020,A2,D3_metodo_detallado,1.0
GT-020,A2,D3_resultados_concretos,1.0
GT-020,A2,D4_consistencia,4.0
GT-020,A2,no_evaluable,0.0
GT-021,A2,D1_imryd_conclusiones,1.0
GT-021,A2,D1_imryd_metodologia,1.0
GT-021,A2,D1_imryd_objetivo,1.0
GT-021,A2,D1_imryd_resultados,1.0
GT-021,A2,D1_orden_logico,1.0
GT-021,A2,D2_coherencia,2.0
GT-021,A2,D3_conclusion_responde,1.0
GT-021,A2,D3_contextualizacion,1.0
GT-021,A2,D3_metodo_detallado,1.0
GT-021,A2,D3_resultados_concretos,1.0
GT-021,A2,D4_consistencia,3.0
GT-021,A2,no_evaluable,0.0
GT-022,A2,D1_imryd_conclusiones,1.0
GT-022,A2,D1_imryd_metodologia,1.0
GT-022,A2,D1_imryd_objetivo,1.0
GT-022,A2,D1_imryd_resultados,1.0
GT-022,A2,D1_orden_logico,1.0
GT-022,A2,D2_coherencia,3.0
GT-022,A2,D3_conclusion_responde,0.0
GT-022,A2,D3_contextualizacion,1.0
GT-022,A2,D3_metodo_detallado,1.0
GT-022,A2,D3_resultados_concretos,1.0
GT-022,A2,D4_consistencia,2.0
GT-022,A2,no_evaluable,0.0
GT-023,A2,D1_imryd_conclusiones,0.0
GT-023,A2,D1_imryd_metodologia,0.0
GT-023,A2,D1_imryd_objetivo,1.0
GT-023,A2,D1_imryd_resultados,0.0
GT-023,A2,D1_orden_logico,0.0
GT-023,A2,D2_coherencia,2.0
GT-023,A2,D3_conclusion_responde,0.0
GT-023,A2,D3_contextualizacion,1.0
GT-023,A2,D3_metodo_detallado,0.0
GT-023,A2,D3_resultados_concretos,0.0
GT-023,A2,no_evaluable,1.0
GT-024,A2,D1_imryd_conclusiones,1.0
GT-024,A2,D1_imryd_metodologia,0.0
GT-024,A2,D1_imryd_objetivo,1.0
GT-024,A2,D1_imryd_resultados,1.0
GT-024,A2,D1_orden_logico,1.0
GT-024,A2,D2_coherencia,3.0
GT-024,A2,D3_conclusion_responde,1.0
GT-024,A2,D3_contextualizacion,1.0
GT-024,A2,D3_metodo_detallado,0.0
GT-024,A2,D3_resultados_concretos,1.0
GT-024,A2,D4_consistencia,2.0
GT-024,A2,no_evaluable,0.0
GT-025,A2,D1_imryd_conclusiones,1.0
GT-025,A2,D1_imryd_metodologia,1.0
GT-025,A2,D1_imryd_objetivo,1.0
GT-025,A2,D1_imryd_resultados,1.0
GT-025,A2,D1_orden_logico,1.0
GT-025,A2,D2_coherencia,4.0
GT-025,A2,D3_conclusion_responde,1.0
GT-025,A2,D3_contextualizacion,1.0
GT-025,A2,D3_metodo_detallado,1.0
GT-025,A2,D3_resultados_concretos,1.0
GT-025,A2,D4_consistencia,3.0
GT-025,A2,no_evaluable,0.0
GT-026,A2,D1_imryd_conclusiones,1.0
GT-026,A2,D1_imryd_metodologia,1.0
GT-026,A2,D1_imryd_objetivo,1.0
GT-026,A2,D1_imryd_resultados,1.0
GT-026,A2,D1_orden_logico,1.0
GT-026,A2,D2_coherencia,4.0
GT-026,A2,D3_conclusion_responde,1.0
GT-026,A2,D3_contextualizacion,1.0
GT-026,A2,D3_metodo_detallado,1.0
GT-026,A2,D3_resultados_concretos,1.0
GT-026,A2,D4_consistencia,2.0
GT-026,A2,no_evaluable,0.0
GT-027,A2,D1_imryd_conclusiones,0.0
GT-027,A2,D1_imryd_metodologia,0.0
GT-027,A2,D1_imryd_objetivo,1.0
GT-027,A2,D1_imryd_resultados,0.0
GT-027,A2,D1_orden_logico,1.0
GT-027,A2,D2_coherencia,2.0
GT-027,A2,D3_conclusion_responde,0.0
GT-027,A2,D3_contextualizacion,1.0
GT-027,A2,D3_metodo_detallado,0.0
GT-027,A2,D3_resultados_concretos,0.0
GT-027,A2,no_evaluable,1.0
GT-028,A2,D1_imryd_conclusiones,1.0
GT-028,A2,D1_imryd_metodologia,1.0
GT-028,A2,D1_imryd_objetivo,1.0
GT-028,A2,D1_imryd_resultados,1.0
GT-028,A2,D1_orden_logico,1.0
GT-028,A2,D2_coherencia,4.0
GT-028,A2,D3_conclusion_responde,1.0
GT-028,A2,D3_contextualizacion,1.0
GT-028,A2,D3_metodo_detallado,1.0
GT-028,A2,D3_resultados_concretos,1.0
GT-028,A2,D4_consistencia,3.0
GT-028,A2,no_evaluable,0.0
GT-029,A2,D1_imryd_conclusiones,1.0
GT-029,A2,D1_imryd_metodologia,1.0
GT-029,A2,D1_imryd_objetivo,1.0
GT-029,A2,D1_imryd_resultados,1.0
GT-029,A2,D1_orden_logico,0.0
GT-029,A2,D2_coherencia,2.0
GT-029,A2,D3_conclusion_responde,1.0
GT-029,A2,D3_contextualizacion,1.0
GT-029,A2,D3_metodo_detallado,1.0
GT-029,A2,D3_resultados_concretos,1.0
GT-029,A2,D4_consistencia,2.0
GT-029,A2,no_evaluable,0.0
GT-030,A2,D1_imryd_conclusiones,1.0
GT-030,A2,D1_imryd_metodologia,1.0
GT-030,A2,D1_imryd_objetivo,1.0
GT-030,A2,D1_imryd_resultados,1.0
GT-030,A2,D1_orden_logico,1.0
GT-030,A2,D2_coherencia,3.0
GT-030,A2,D3_conclusion_responde,1.0
GT-030,A2,D3_contextualizacion,1.0
GT-030,A2,D3_metodo_detallado,1.0
GT-030,A2,D3_resultados_concretos,1.0
GT-030,A2,D4_consistencia,2.0
GT-030,A2,no_evaluable,0.0
GT-031,A2,D1_imryd_conclusiones,1.0
GT-031,A2,D1_imryd_metodologia,1.0
GT-031,A2,D1_imryd_objetivo,1.0
GT-031,A2,D1_imryd_resultados,1.0
GT-031,A2,D1_orden_logico,0.0
GT-031,A2,D2_coherencia,3.0
GT-031,A2,D3_conclusion_responde,1.0
GT-031,A2,D3_contextualizacion,1.0
GT-031,A2,D3_metodo_detallado,1.0
GT-031,A2,D3_resultados_concretos,1.0
GT-031,A2,D4_consistencia,2.0
GT-031,A2,no_evaluable,0.0
GT-032,A2,D1_imryd_conclusiones,1.0
GT-032,A2,D1_imryd_metodologia,1.0
GT-032,A2,D1_imryd_objetivo,1.0
GT-032,A2,D1_imryd_resultados,1.0
GT-032,A2,D1_orden_logico,1.0
GT-032,A2,D2_coherencia,4.0
GT-032,A2,D3_conclusion_responde,1.0
GT-032,A2,D3_contextualizacion,1.0
GT-032,A2,D3_metodo_detallado,1.0
GT-032,A2,D3_resultados_concretos,1.0
GT-032,A2,D4_consistencia,4.0
GT-032,A2,no_evaluable,0.0
GT-033,A2,D1_imryd_conclusiones,1.0
GT-033,A2,D1_imryd_metodologia,1.0
GT-033,A2,D1_imryd_objetivo,1.0
GT-033,A2,D1_imryd_resultados,1.0
GT-033,A2,D1_orden_logico,1.0
GT-033,A2,D2_coherencia,5.0
GT-033,A2,D3_conclusion_responde,1.0
GT-033,A2,D3_contextualizacion,1.0
GT-033,A2,D3_metodo_detallado,1.0
GT-033,A2,D3_resultados_concretos,1.0
GT-033,A2,D4_consistencia,3.0
GT-033,A2,no_evaluable,0.0
GT-034,A2,D1_imryd_conclusiones,1.0
GT-034,A2,D1_imryd_metodologia,1.0
GT-034,A2,D1_imryd_objetivo,1.0
GT-034,A2,D1_imryd_resultados,1.0
GT-034,A2,D1_orden_logico,1.0
GT-034,A2,D2_coherencia,3.0
GT-034,A2,D3_conclusion_responde,1.0
GT-034,A2,D3_contextualizacion,1.0
GT-034,A2,D3_metodo_detallado,1.0
GT-034,A2,D3_resultados_concretos,1.0
GT-034,A2,D4_consistencia,3.0
GT-034,A2,no_evaluable,0.0
GT-035,A2,D1_imryd_conclusiones,0.0
GT-035,A2,D1_imryd_metodologia,1.0
GT-035,A2,D1_imryd_objetivo,1.0
GT-035,A2,D1_imryd_resultados,0.0
GT-035,A2,D1_orden_logico,1.0
GT-035,A2,D2_coherencia,3.0
GT-035,A2,D3_conclusion_responde,0.0
GT-035,A2,D3_contextualizacion,1.0
GT-035,A2,D3_metodo_detallado,0.0
GT-035,A2,D3_resultados_concretos,0.0
GT-035,A2,D4_consistencia,2.0
GT-035,A2,no_evaluable,0.0
GT-036,A2,D1_imryd_conclusiones,1.0
GT-036,A2,D1_imryd_metodologia,1.0
GT-036,A2,D1_imryd_objetivo,1.0
GT-036,A2,D1_imryd_resultados,1.0
GT-036,A2,D1_orden_logico,1.0
GT-036,A2,D2_coherencia,4.0
GT-036,A2,D3_conclusion_responde,1.0
GT-036,A2,D3_contextualizacion,1.0
GT-036,A2,D3_metodo_detallado,1.0
GT-036,A2,D3_resultados_concretos,1.0
GT-036,A2,D4_consistencia,1.0
GT-036,A2,no_evaluable,0.0
GT-037,A2,D1_imryd_conclusiones,0.0
GT-037,A2,D1_imryd_metodologia,1.0
GT-037,A2,D1_imryd_objetivo,1.0
GT-037,A2,D1_imryd_resultados,1.0
GT-037,A2,D1_orden_logico,1.0
GT-037,A2,D2_coherencia,2.0
GT-037,A2,D3_conclusion_responde,0.0
GT-037,A2,D3_contextualizacion,1.0
GT-037,A2,D3_metodo_detallado,1.0
GT-037,A2,D3_resultados_concretos,1.0
GT-037,A2,D4_consistencia,2.0
GT-037,A2,no_evaluable,0.0
GT-038,A2,D1_imryd_conclusiones,1.0
GT-038,A2,D1_imryd_metodologia,1.0
GT-038,A2,D1_imryd_objetivo,1.0
GT-038,A2,D1_imryd_resultados,1.0
GT-038,A2,D1_orden_logico,1.0
GT-038,A2,D2_coherencia,4.0
GT-038,A2,D3_conclusion_responde,1.0
GT-038,A2,D3_contextualizacion,1.0
GT-038,A2,D3_metodo_detallado,1.0
GT-038,A2,D3_resultados_concretos,1.0
GT-038,A2,D4_consistencia,3.0
GT-038,A2,no_evaluable,0.0
GT-039,A2,D1_imryd_conclusiones,1.0
GT-039,A2,D1_imryd_metodologia,1.0
GT-039,A2,D1_imryd_objetivo,1.0
GT-039,A2,D1_imryd_resultados,1.0
GT-039,A2,D1_orden_logico,1.0
GT-039,A2,D2_coherencia,3.0
GT-039,A2,D3_conclusion_responde,1.0
GT-039,A2,D3_contextualizacion,1.0
GT-039,A2,D3_metodo_detallado,1.0
GT-039,A2,D3_resultados_concretos,1.0
GT-039,A2,D4_consistencia,2.0
GT-039,A2,no_evaluable,0.0
GT-040,A2,D1_imryd_conclusiones,0.0
GT-040,A2,D1_imryd_metodologia,1.0
GT-040,A2,D1_imryd_objetivo,1.0
GT-040,A2,D1_imryd_resultados,1.0
GT-040,A2,D1_orden_logico,1.0
GT-040,A2,D2_coherencia,3.0
GT-040,A2,D3_conclusion_responde,0.0
GT-040,A2,D3_contextualizacion,1.0
GT-040,A2,D3_metodo_detallado,0.0
GT-040,A2,D3_resultados_concretos,1.0
GT-040,A2,D4_consistencia,2.0
GT-040,A2,no_evaluable,0.0
GT-041,A2,D1_imryd_conclusiones,0.0
GT-041,A2,D1_imryd_metodologia,0.0
GT-041,A2,D1_imryd_objetivo,1.0
GT-041,A2,D1_imryd_resultados,0.0
GT-041,A2,D1_orden_logico,1.0
GT-041,A2,D2_coherencia,2.0
GT-041,A2,D3_conclusion_responde,0.0
GT-041,A2,D3_contextualizacion,0.0
GT-041,A2,D3_metodo_detallado,0.0
GT-041,A2,D3_resultados_concretos,0.0
GT-041,A2,no_evaluable,1.0
GT-042,A2,D1_imryd_conclusiones,0.0
GT-042,A2,D1_imryd_metodologia,1.0
GT-042,A2,D1_imryd_objetivo,1.0
GT-042,A2,D1_imryd_resultados,1.0
GT-042,A2,D1_orden_logico,1.0
GT-042,A2,D2_coherencia,3.0
GT-042,A2,D3_conclusion_responde,0.0
GT-042,A2,D3_contextualizacion,1.0
GT-042,A2,D3_metodo_detallado,1.0
GT-042,A2,D3_resultados_concretos,0.0
GT-042,A2,D4_consistencia,2.0
GT-042,A2,no_evaluable,0.0
GT-043,A2,D1_imryd_conclusiones,1.0
GT-043,A2,D1_imryd_metodologia,1.0
GT-043,A2,D1_imryd_objetivo,1.0
GT-043,A2,D1_imryd_resultados,1.0
GT-043,A2,D1_orden_logico,1.0
GT-043,A2,D2_coherencia,3.0
GT-043,A2,D3_conclusion_responde,1.0
GT-043,A2,D3_contextualizacion,1.0
GT-043,A2,D3_metodo_detallado,1.0
GT-043,A2,D3_resultados_concretos,1.0
GT-043,A2,D4_consistencia,2.0
GT-043,A2,no_evaluable,0.0
GT-044,A2,D1_imryd_conclusiones,1.0
GT-044,A2,D1_imryd_metodologia,1.0
GT-044,A2,D1_imryd_objetivo,1.0
GT-044,A2,D1_imryd_resultados,1.0
GT-044,A2,D1_orden_logico,1.0
GT-044,A2,D2_coherencia,3.0
GT-044,A2,D3_conclusion_responde,1.0
GT-044,A2,D3_contextualizacion,1.0
GT-044,A2,D3_metodo_detallado,1.0
GT-044,A2,D3_resultados_concretos,1.0
GT-044,A2,D4_consistencia,2.0
GT-044,A2,no_evaluable,0.0
GT-045,A2,D1_imryd_conclusiones,0.0
GT-045,A2,D1_imryd_metodologia,1.0
GT-045,A2,D1_imryd_objetivo,1.0
GT-045,A2,D1_imryd_resultados,1.0
GT-045,A2,D1_orden_logico,1.0
GT-045,A2,D2_coherencia,3.0
GT-045,A2,D3_conclusion_responde,0.0
GT-045,A2,D3_contextualizacion,0.0
GT-045,A2,D3_metodo_detallado,1.0
GT-045,A2,D3_resultados_concretos,1.0
GT-045,A2,D4_consistencia,2.0
GT-045,A2,no_evaluable,0.0
GT-046,A2,D1_imryd_conclusiones,1.0
GT-046,A2,D1_imryd_metodologia,1.0
GT-046,A2,D1_imryd_objetivo,1.0
GT-046,A2,D1_imryd_resultados,1.0
GT-046,A2,D1_orden_logico,1.0
GT-046,A2,D2_coherencia,3.0
GT-046,A2,D3_conclusion_responde,0.0
GT-046,A2,D3_contextualizacion,1.0
GT-046,A2,D3_metodo_detallado,1.0
GT-046,A2,D3_resultados_concretos,1.0
GT-046,A2,D4_consistencia,2.0
GT-046,A2,no_evaluable,0.0
GT-047,A2,D1_imryd_conclusiones,0.0
GT-047,A2,D1_imryd_metodologia,1.0
GT-047,A2,D1_imryd_objetivo,1.0
GT-047,A2,D1_imryd_resultados,1.0
GT-047,A2,D1_orden_logico,1.0
GT-047,A2,D2_coherencia,3.0
GT-047,A2,D3_conclusion_responde,0.0
GT-047,A2,D3_contextualizacion,1.0
GT-047,A2,D3_metodo_detallado,1.0
GT-047,A2,D3_resultados_concretos,1.0
GT-047,A2,D4_consistencia,1.0
GT-047,A2,no_evaluable,0.0
GT-048,A2,D1_imryd_conclusiones,1.0
GT-048,A2,D1_imryd_metodologia,1.0
GT-048,A2,D1_imryd_objetivo,1.0
GT-048,A2,D1_imryd_resultados,1.0
GT-048,A2,D1_orden_logico,1.0
GT-048,A2,D2_coherencia,3.0
GT-048,A2,D3_conclusion_responde,1.0
GT-048,A2,D3_contextualizacion,1.0
GT-048,A2,D3_metodo_detallado,1.0
GT-048,A2,D3_resultados_concretos,1.0
GT-048,A2,D4_consistencia,2.0
GT-048,A2,no_evaluable,0.0
GT-049,A2,D1_imryd_conclusiones,0.0
GT-049,A2,D1_imryd_metodologia,1.0
GT-049,A2,D1_imryd_objetivo,1.0
GT-049,A2,D1_imryd_resultados,1.0
GT-049,A2,D1_orden_logico,1.0
GT-049,A2,D2_coherencia,2.0
GT-049,A2,D3_conclusion_responde,0.0
GT-049,A2,D3_contextualizacion,1.0
GT-049,A2,D3_metodo_detallado,1.0
GT-049,A2,D3_resultados_concretos,1.0
GT-049,A2,D4_consistencia,2.0
GT-049,A2,no_evaluable,0.0
GT-050,A2,D1_imryd_conclusiones,1.0
GT-050,A2,D1_imryd_metodologia,1.0
GT-050,A2,D1_imryd_objetivo,1.0
GT-050,A2,D1_imryd_resultados,1.0
GT-050,A2,D1_orden_logico,1.0
GT-050,A2,D2_coherencia,4.0
GT-050,A2,D3_conclusion_responde,1.0
GT-050,A2,D3_contextualizacion,1.0
GT-050,A2,D3_metodo_detallado,1.0
GT-050,A2,D3_resultados_concretos,1.0
GT-050,A2,D4_consistencia,3.0
GT-050,A2,no_evaluable,0.0
GT-051,A2,D1_imryd_conclusiones,1.0
GT-051,A2,D1_imryd_metodologia,1.0
GT-051,A2,D1_imryd_objetivo,1.0
GT-051,A2,D1_imryd_resultados,1.0
GT-051,A2,D1_orden_logico,1.0
GT-051,A2,D2_coherencia,3.0
GT-051,A2,D3_conclusion_responde,1.0
GT-051,A2,D3_contextualizacion,1.0
GT-051,A2,D3_metodo_detallado,1.0
GT-051,A2,D3_resultados_concretos,1.0
GT-051,A2,D4_consistencia,2.0
GT-051,A2,no_evaluable,0.0
GT-052,A2,D1_imryd_conclusiones,1.0
GT-052,A2,D1_imryd_metodologia,1.0
GT-052,A2,D1_imryd_objetivo,1.0
GT-052,A2,D1_imryd_resultados,1.0
GT-052,A2,D1_orden_logico,1.0
GT-052,A2,D2_coherencia,4.0
GT-052,A2,D3_conclusion_responde,1.0
GT-052,A2,D3_contextualizacion,1.0
GT-052,A2,D3_metodo_detallado,1.0
GT-052,A2,D3_resultados_concretos,1.0
GT-052,A2,D4_consistencia,2.0
GT-052,A2,no_evaluable,0.0
GT-053,A2,D1_imryd_conclusiones,1.0
GT-053,A2,D1_imryd_metodologia,1.0
GT-053,A2,D1_imryd_objetivo,1.0
GT-053,A2,D1_imryd_resultados,1.0
GT-053,A2,D1_orden_logico,1.0
GT-053,A2,D2_coherencia,3.0
GT-053,A2,D3_conclusion_responde,1.0
GT-053,A2,D3_contextualizacion,1.0
GT-053,A2,D3_metodo_detallado,1.0
GT-053,A2,D3_resultados_concretos,1.0
GT-053,A2,D4_consistencia,4.0
GT-053,A2,no_evaluable,0.0
GT-054,A2,D1_imryd_conclusiones,1.0
GT-054,A2,D1_imryd_metodologia,1.0
GT-054,A2,D1_imryd_objetivo,1.0
GT-054,A2,D1_imryd_resultados,1.0
GT-054,A2,D1_orden_logico,1.0
GT-054,A2,D2_coherencia,4.0
GT-054,A2,D3_conclusion_responde,1.0
GT-054,A2,D3_contextualizacion,1.0
GT-054,A2,D3_metodo_detallado,1.0
GT-054,A2,D3_resultados_concretos,1.0
GT-054,A2,D4_consistencia,3.0
GT-054,A2,no_evaluable,0.0
GT-055,A2,D1_imryd_conclusiones,1.0
GT-055,A2,D1_imryd_metodologia,1.0
GT-055,A2,D1_imryd_objetivo,1.0
GT-055,A2,D1_imryd_resultados,1.0
GT-055,A2,D1_orden_logico,1.0
GT-055,A2,D2_coherencia,3.0
GT-055,A2,D3_conclusion_responde,1.0
GT-055,A2,D3_contextualizacion,1.0
GT-055,A2,D3_metodo_detallado,1.0
GT-055,A2,D3_resultados_concretos,1.0
GT-055,A2,D4_consistencia,2.0
GT-055,A2,no_evaluable,0.0
GT-056,A2,D1_imryd_conclusiones,0.0
GT-056,A2,D1_imryd_metodologia,0.0
GT-056,A2,D1_imryd_objetivo,1.0
GT-056,A2,D1_imryd_resultados,0.0
GT-056,A2,D1_orden_logico,1.0
GT-056,A2,D2_coherencia,3.0
GT-056,A2,D3_conclusion_responde,0.0
GT-056,A2,D3_contextualizacion,1.0
GT-056,A2,D3_metodo_detallado,0.0
GT-056,A2,D3_resultados_concretos,0.0
GT-056,A2,no_evaluable,1.0
GT-057,A2,D1_imryd_conclusiones,1.0
GT-057,A2,D1_imryd_metodologia,1.0
GT-057,A2,D1_imryd_objetivo,1.0
GT-057,A2,D1_imryd_resultados,1.0
GT-057,A2,D1_orden_logico,1.0
GT-057,A2,D2_coherencia,4.0
GT-057,A2,D3_conclusion_responde,1.0
GT-057,A2,D3_contextualizacion,1.0
GT-057,A2,D3_metodo_detallado,1.0
GT-057,A2,D3_resultados_concretos,1.0
GT-057,A2,D4_consistencia,3.0
GT-057,A2,no_evaluable,0.0
GT-058,A2,D1_imryd_conclusiones,1.0
GT-058,A2,D1_imryd_metodologia,1.0
GT-058,A2,D1_imryd_objetivo,1.0
GT-058,A2,D1_imryd_resultados,1.0
GT-058,A2,D1_orden_logico,1.0
GT-058,A2,D2_coherencia,4.0
GT-058,A2,D3_conclusion_responde,1.0
GT-058,A2,D3_contextualizacion,1.0
GT-058,A2,D3_metodo_detallado,1.0
GT-058,A2,D3_resultados_concretos,1.0
GT-058,A2,D4_consistencia,2.0
GT-058,A2,no_evaluable,0.0
GT-059,A2,D1_imryd_conclusiones,1.0
GT-059,A2,D1_imryd_metodologia,1.0
GT-059,A2,D1_imryd_objetivo,1.0
GT-059,A2,D1_imryd_resultados,1.0
GT-059,A2,D1_orden_logico,1.0
GT-059,A2,D2_coherencia,4.0
GT-059,A2,D3_conclusion_responde,1.0
GT-059,A2,D3_contextualizacion,0.0
GT-059,A2,D3_metodo_detallado,1.0
GT-059,A2,D3_resultados_concretos,1.0
GT-059,A2,D4_consistencia,4.0
GT-059,A2,no_evaluable,0.0
GT-060,A2,D1_imryd_conclusiones,1.0
GT-060,A2,D1_imryd_metodologia,1.0
GT-060,A2,D1_imryd_objetivo,1.0
GT-060,A2,D1_imryd_resultados,0.0
GT-060,A2,D1_orden_logico,1.0
GT-060,A2,D2_coherencia,3.0
GT-060,A2,D3_conclusion_responde,0.0
GT-060,A2,D3_contextualizacion,1.0
GT-060,A2,D3_metodo_detallado,1.0
GT-060,A2,D3_resultados_concretos,0.0
GT-060,A2,D4_consistencia,2.0
GT-060,A2,no_evaluable,0.0
GT-061,A2,D1_imryd_conclusiones,1.0
GT-061,A2,D1_imryd_metodologia,1.0
GT-061,A2,D1_imryd_objetivo,1.0
GT-061,A2,D1_imryd_resultados,1.0
GT-061,A2,D1_orden_logico,0.0
GT-061,A2,D2_coherencia,3.0
GT-061,A2,D3_conclusion_responde,1.0
GT-061,A2,D3_contextualizacion,1.0
GT-061,A2,D3_metodo_detallado,1.0
GT-061,A2,D3_resultados_concretos,1.0
GT-061,A2,D4_consistencia,2.0
GT-061,A2,no_evaluable,0.0
GT-062,A2,D1_imryd_conclusiones,1.0
GT-062,A2,D1_imryd_metodologia,1.0
GT-062,A2,D1_imryd_objetivo,1.0
GT-062,A2,D1_imryd_resultados,1.0
GT-062,A2,D1_orden_logico,1.0
GT-062,A2,D2_coherencia,4.0
GT-062,A2,D3_conclusion_responde,1.0
GT-062,A2,D3_contextualizacion,1.0
GT-062,A2,D3_metodo_detallado,1.0
GT-062,A2,D3_resultados_concretos,1.0
GT-062,A2,D4_consistencia,4.0
GT-062,A2,no_evaluable,0.0
GT-063,A2,D1_imryd_conclusiones,0.0
GT-063,A2,D1_imryd_metodologia,1.0
GT-063,A2,D1_imryd_objetivo,1.0
GT-063,A2,D1_imryd_resultados,1.0
GT-063,A2,D1_orden_logico,1.0
GT-063,A2,D2_coherencia,2.0
GT-063,A2,D3_conclusion_responde,0.0
GT-063,A2,D3_contextualizacion,1.0
GT-063,A2,D3_metodo_detallado,0.0
GT-063,A2,D3_resultados_concretos,0.0
GT-063,A2,D4_consistencia,2.0
GT-063,A2,no_evaluable,0.0
GT-064,A2,D1_imryd_conclusiones,0.0
GT-064,A2,D1_imryd_metodologia,0.0
GT-064,A2,D1_imryd_objetivo,1.0
GT-064,A2,D1_imryd_resultados,0.0
GT-064,A2,D1_orden_logico,1.0
GT-064,A2,D2_coherencia,1.0
GT-064,A2,D3_conclusion_responde,0.0
GT-064,A2,D3_contextualizacion,1.0
GT-064,A2,D3_metodo_detallado,0.0
GT-064,A2,D3_resultados_concretos,0.0
GT-064,A2,no_evaluable,1.0
GT-065,A2,D1_imryd_conclusiones,1.0
GT-065,A2,D1_imryd_metodologia,1.0
GT-065,A2,D1_imryd_objetivo,1.0
GT-065,A2,D1_imryd_resultados,1.0
GT-065,A2,D1_orden_logico,1.0
GT-065,A2,D2_coherencia,3.0
GT-065,A2,D3_conclusion_responde,1.0
GT-065,A2,D3_contextualizacion,1.0
GT-065,A2,D3_metodo_detallado,1.0
GT-065,A2,D3_resultados_concretos,0.0
GT-065,A2,D4_consistencia,3.0
GT-065,A2,no_evaluable,0.0
GT-066,A2,D1_imryd_conclusiones,1.0
GT-066,A2,D1_imryd_metodologia,1.0
GT-066,A2,D1_imryd_objetivo,1.0
GT-066,A2,D1_imryd_resultados,1.0
GT-066,A2,D1_orden_logico,1.0
GT-066,A2,D2_coherencia,3.0
GT-066,A2,D3_conclusion_responde,1.0
GT-066,A2,D3_contextualizacion,1.0
GT-066,A2,D3_metodo_detallado,1.0
GT-066,A2,D3_resultados_concretos,1.0
GT-066,A2,D4_consistencia,3.0
GT-066,A2,no_evaluable,0.0
GT-067,A2,D1_imryd_conclusiones,0.0
GT-067,A2,D1_imryd_metodologia,1.0
GT-067,A2,D1_imryd_objetivo,1.0
GT-067,A2,D1_imryd_resultados,1.0
GT-067,A2,D1_orden_logico,1.0
GT-067,A2,D2_coherencia,3.0
GT-067,A2,D3_conclusion_responde,0.0
GT-067,A2,D3_contextualizacion,1.0
GT-067,A2,D3_metodo_detallado,1.0
GT-067,A2,D3_resultados_concretos,1.0
GT-067,A2,D4_consistencia,2.0
GT-067,A2,no_evaluable,0.0
GT-068,A2,D1_imryd_conclusiones,0.0
GT-068,A2,D1_imryd_metodologia,1.0
GT-068,A2,D1_imryd_objetivo,1.0
GT-068,A2,D1_imryd_resultados,0.0
GT-068,A2,D1_orden_logico,1.0
GT-068,A2,D2_coherencia,3.0
GT-068,A2,D3_conclusion_responde,0.0
GT-068,A2,D3_contextualizacion,1.0
GT-068,A2,D3_metodo_detallado,1.0
GT-068,A2,D3_resultados_concretos,0.0
GT-068,A2,D4_consistencia,3.0
GT-068,A2,no_evaluable,0.0
GT-069,A2,D1_imryd_conclusiones,1.0
GT-069,A2,D1_imryd_metodologia,1.0
GT-069,A2,D1_imryd_objetivo,1.0
GT-069,A2,D1_imryd_resultados,1.0
GT-069,A2,D1_orden_logico,1.0
GT-069,A2,D2_coherencia,5.0
GT-069,A2,D3_conclusion_responde,1.0
GT-069,A2,D3_contextualizacion,1.0
GT-069,A2,D3_metodo_detallado,1.0
GT-069,A2,D3_resultados_concretos,1.0
GT-069,A2,D4_consistencia,3.0
GT-069,A2,no_evaluable,0.0
GT-070,A2,D1_imryd_conclusiones,1.0
GT-070,A2,D1_imryd_metodologia,1.0
GT-070,A2,D1_imryd_objetivo,1.0
GT-070,A2,D1_imryd_resultados,1.0
GT-070,A2,D1_orden_logico,1.0
GT-070,A2,D2_coherencia,4.0
GT-070,A2,D3_conclusion_responde,1.0
GT-070,A2,D3_contextualizacion,1.0
GT-070,A2,D3_metodo_detallado,1.0
GT-070,A2,D3_resultados_concretos,1.0
GT-070,A2,D4_consistencia,2.0
GT-070,A2,no_evaluable,0.0
GT-071,A2,D1_imryd_conclusiones,1.0
GT-071,A2,D1_imryd_metodologia,1.0
GT-071,A2,D1_imryd_objetivo,1.0
GT-071,A2,D1_imryd_resultados,1.0
GT-071,A2,D1_orden_logico,1.0
GT-071,A2,D2_coherencia,3.0
GT-071,A2,D3_conclusion_responde,1.0
GT-071,A2,D3_contextualizacion,1.0
GT-071,A2,D3_metodo_detallado,1.0
GT-071,A2,D3_resultados_concretos,1.0
GT-071,A2,D4_consistencia,2.0
GT-071,A2,no_evaluable,0.0
GT-072,A2,D1_imryd_conclusiones,1.0
GT-072,A2,D1_imryd_metodologia,1.0
GT-072,A2,D1_imryd_objetivo,1.0
GT-072,A2,D1_imryd_resultados,1.0
GT-072,A2,D1_orden_logico,1.0
GT-072,A2,D2_coherencia,3.0
GT-072,A2,D3_conclusion_responde,1.0
GT-072,A2,D3_contextualizacion,0.0
GT-072,A2,D3_metodo_detallado,1.0
GT-072,A2,D3_resultados_concretos,1.0
GT-072,A2,D4_consistencia,2.0
GT-072,A2,no_evaluable,0.0
GT-073,A2,D1_imryd_conclusiones,1.0
GT-073,A2,D1_imryd_metodologia,1.0
GT-073,A2,D1_imryd_objetivo,1.0
GT-073,A2,D1_imryd_resultados,1.0
GT-073,A2,D1_orden_logico,1.0
GT-073,A2,D2_coherencia,4.0
GT-073,A2,D3_conclusion_responde,1.0
GT-073,A2,D3_contextualizacion,1.0
GT-073,A2,D3_metodo_detallado,1.0
GT-073,A2,D3_resultados_concretos,1.0
GT-073,A2,D4_consistencia,3.0
GT-073,A2,no_evaluable,0.0
GT-074,A2,D1_imryd_conclusiones,1.0
GT-074,A2,D1_imryd_metodologia,1.0
GT-074,A2,D1_imryd_objetivo,1.0
GT-074,A2,D1_imryd_resultados,1.0
GT-074,A2,D1_orden_logico,1.0
GT-074,A2,D2_coherencia,4.0
GT-074,A2,D3_conclusion_responde,1.0
GT-074,A2,D3_contextualizacion,1.0
GT-074,A2,D3_metodo_detallado,1.0
GT-074,A2,D3_resultados_concretos,0.0
GT-074,A2,D4_consistencia,3.0
GT-074,A2,no_evaluable,0.0
GT-075,A2,D1_imryd_conclusiones,0.0
GT-075,A2,D1_imryd_metodologia,1.0
GT-075,A2,D1_imryd_objetivo,1.0
GT-075,A2,D1_imryd_resultados,1.0
GT-075,A2,D1_orden_logico,1.0
GT-075,A2,D2_coherencia,2.0
GT-075,A2,D3_conclusion_responde,0.0
GT-075,A2,D3_contextualizacion,1.0
GT-075,A2,D3_metodo_detallado,0.0
GT-075,A2,D3_resultados_concretos,0.0
GT-075,A2,D4_consistencia,2.0
GT-075,A2,no_evaluable,0.0
GT-076,A2,D1_imryd_conclusiones,0.0
GT-076,A2,D1_imryd_metodologia,0.0
GT-076,A2,D1_imryd_objetivo,1.0
GT-076,A2,D1_imryd_resultados,0.0
GT-076,A2,D1_orden_logico,1.0
GT-076,A2,D2_coherencia,3.0
GT-076,A2,D3_conclusion_responde,0.0
GT-076,A2,D3_contextualizacion,1.0
GT-076,A2,D3_metodo_detallado,0.0
GT-076,A2,D3_resultados_concretos,0.0
GT-076,A2,no_evaluable,1.0
GT-077,A2,D1_imryd_conclusiones,0.0
GT-077,A2,D1_imryd_metodologia,1.0
GT-077,A2,D1_imryd_objetivo,1.0
GT-077,A2,D1_imryd_resultados,1.0
GT-077,A2,D1_orden_logico,1.0
GT-077,A2,D2_coherencia,3.0
GT-077,A2,D3_conclusion_responde,0.0
GT-077,A2,D3_contextualizacion,1.0
GT-077,A2,D3_metodo_detallado,1.0
GT-077,A2,D3_resultados_concretos,1.0
GT-077,A2,D4_consistencia,4.0
GT-077,A2,no_evaluable,0.0
GT-078,A2,D1_imryd_conclusiones,0.0
GT-078,A2,D1_imryd_metodologia,1.0
GT-078,A2,D1_imryd_objetivo,1.0
GT-078,A2,D1_imryd_resultados,1.0
GT-078,A2,D1_orden_logico,1.0
GT-078,A2,D2_coherencia,3.0
GT-078,A2,D3_conclusion_responde,0.0
GT-078,A2,D3_contextualizacion,1.0
GT-078,A2,D3_metodo_detallado,1.0
GT-078,A2,D3_resultados_concretos,1.0
GT-078,A2,D4_consistencia,2.0
GT-078,A2,no_evaluable,0.0
GT-079,A2,D1_imryd_conclusiones,1.0
GT-079,A2,D1_imryd_metodologia,1.0
GT-079,A2,D1_imryd_objetivo,1.0
GT-079,A2,D1_imryd_resultados,1.0
GT-079,A2,D1_orden_logico,1.0
GT-079,A2,D2_coherencia,3.0
GT-079,A2,D3_conclusion_responde,1.0
GT-079,A2,D3_contextualizacion,1.0
GT-079,A2,D3_metodo_detallado,1.0
GT-079,A2,D3_resultados_concretos,1.0
GT-079,A2,D4_consistencia,2.0
GT-079,A2,no_evaluable,0.0
GT-080,A2,D1_imryd_conclusiones,1.0
GT-080,A2,D1_imryd_metodologia,1.0
GT-080,A2,D1_imryd_objetivo,1.0
GT-080,A2,D1_imryd_resultados,1.0
GT-080,A2,D1_orden_logico,1.0
GT-080,A2,D2_coherencia,4.0
GT-080,A2,D3_conclusion_responde,1.0
GT-080,A2,D3_contextualizacion,1.0
GT-080,A2,D3_metodo_detallado,1.0
GT-080,A2,D3_resultados_concretos,0.0
GT-080,A2,D4_consistencia,3.0
GT-080,A2,no_evaluable,0.0
GT-081,A2,D1_imryd_conclusiones,1.0
GT-081,A2,D1_imryd_metodologia,1.0
GT-081,A2,D1_imryd_objetivo,1.0
GT-081,A2,D1_imryd_resultados,1.0
GT-081,A2,D1_orden_logico,1.0
GT-081,A2,D2_coherencia,3.0
GT-081,A2,D3_conclusion_responde,0.0
GT-081,A2,D3_contextualizacion,1.0
GT-081,A2,D3_metodo_detallado,1.0
GT-081,A2,D3_resultados_concretos,1.0
GT-081,A2,D4_consistencia,2.0
GT-081,A2,no_evaluable,0.0
GT-082,A2,D1_imryd_conclusiones,0.0
GT-082,A2,D1_imryd_metodologia,1.0
GT-082,A2,D1_imryd_objetivo,1.0
GT-082,A2,D1_imryd_resultados,1.0
GT-082,A2,D1_orden_logico,1.0
GT-082,A2,D2_coherencia,4.0
GT-082,A2,D3_conclusion_responde,0.0
GT-082,A2,D3_contextualizacion,1.0
GT-082,A2,D3_metodo_detallado,0.0
GT-082,A2,D3_resultados_concretos,1.0
GT-082,A2,D4_consistencia,3.0
GT-082,A2,no_evaluable,0.0
GT-083,A2,D1_imryd_conclusiones,1.0
GT-083,A2,D1_imryd_metodologia,1.0
GT-083,A2,D1_imryd_objetivo,1.0
GT-083,A2,D1_imryd_resultados,1.0
GT-083,A2,D1_orden_logico,1.0
GT-083,A2,D2_coherencia,4.0
GT-083,A2,D3_conclusion_responde,1.0
GT-083,A2,D3_contextualizacion,1.0
GT-083,A2,D3_metodo_detallado,1.0
GT-083,A2,D3_resultados_concretos,1.0
GT-083,A2,D4_consistencia,2.0
GT-083,A2,no_evaluable,0.0
GT-084,A2,D1_imryd_conclusiones,1.0
GT-084,A2,D1_imryd_metodologia,1.0
GT-084,A2,D1_imryd_objetivo,1.0
GT-084,A2,D1_imryd_resultados,1.0
GT-084,A2,D1_orden_logico,1.0
GT-084,A2,D2_coherencia,3.0
GT-084,A2,D3_conclusion_responde,1.0
GT-084,A2,D3_contextualizacion,1.0
GT-084,A2,D3_metodo_detallado,1.0
GT-084,A2,D3_resultados_concretos,1.0
GT-084,A2,D4_consistencia,3.0
GT-084,A2,no_evaluable,0.0
GT-085,A2,D1_imryd_conclusiones,1.0
GT-085,A2,D1_imryd_metodologia,1.0
GT-085,A2,D1_imryd_objetivo,1.0
GT-085,A2,D1_imryd_resultados,1.0
GT-085,A2,D1_orden_logico,1.0
GT-085,A2,D2_coherencia,4.0
GT-085,A2,D3_conclusion_responde,1.0
GT-085,A2,D3_contextualizacion,1.0
GT-085,A2,D3_metodo_detallado,1.0
GT-085,A2,D3_resultados_concretos,1.0
GT-085,A2,D4_consistencia,2.0
GT-085,A2,no_evaluable,0.0
GT-086,A2,D1_imryd_conclusiones,1.0
GT-086,A2,D1_imryd_metodologia,1.0
GT-086,A2,D1_imryd_objetivo,1.0
GT-086,A2,D1_imryd_resultados,0.0
GT-086,A2,D1_orden_logico,1.0
GT-086,A2,D2_coherencia,2.0
GT-086,A2,D3_conclusion_responde,0.0
GT-086,A2,D3_contextualizacion,1.0
GT-086,A2,D3_metodo_detallado,1.0
GT-086,A2,D3_resultados_concretos,0.0
GT-086,A2,D4_consistencia,2.0
GT-086,A2,no_evaluable,0.0
GT-087,A2,D1_imryd_conclusiones,1.0
GT-087,A2,D1_imryd_metodologia,1.0
GT-087,A2,D1_imryd_objetivo,1.0
GT-087,A2,D1_imryd_resultados,0.0
GT-087,A2,D1_orden_logico,1.0
GT-087,A2,D2_coherencia,3.0
GT-087,A2,D3_conclusion_responde,1.0
GT-087,A2,D3_contextualizacion,1.0
GT-087,A2,D3_metodo_detallado,0.0
GT-087,A2,D3_resultados_concretos,0.0
GT-087,A2,D4_consistencia,2.0
GT-087,A2,no_evaluable,0.0
GT-088,A2,D1_imryd_conclusiones,1.0
GT-088,A2,D1_imryd_metodologia,1.0
GT-088,A2,D1_imryd_objetivo,1.0
GT-088,A2,D1_imryd_resultados,1.0
GT-088,A2,D1_orden_logico,1.0
GT-088,A2,D2_coherencia,4.0
GT-088,A2,D3_conclusion_responde,1.0
GT-088,A2,D3_contextualizacion,1.0
GT-088,A2,D3_metodo_detallado,1.0
GT-088,A2,D3_resultados_concretos,1.0
GT-088,A2,D4_consistencia,2.0
GT-088,A2,no_evaluable,0.0
GT-089,A2,D1_imryd_conclusiones,1.0
GT-089,A2,D1_imryd_metodologia,0.0
GT-089,A2,D1_imryd_objetivo,1.0
GT-089,A2,D1_imryd_resultados,0.0
GT-089,A2,D1_orden_logico,1.0
GT-089,A2,D2_coherencia,2.0
GT-089,A2,D3_conclusion_responde,1.0
GT-089,A2,D3_contextualizacion,1.0
GT-089,A2,D3_metodo_detallado,0.0
GT-089,A2,D3_resultados_concretos,0.0
GT-089,A2,D4_consistencia,2.0
GT-089,A2,no_evaluable,0.0
GT-090,A2,D1_imryd_conclusiones,1.0
GT-090,A2,D1_imryd_metodologia,1.0
GT-090,A2,D1_imryd_objetivo,1.0
GT-090,A2,D1_imryd_resultados,1.0
GT-090,A2,D1_orden_logico,1.0
GT-090,A2,D2_coherencia,2.0
GT-090,A2,D3_conclusion_responde,1.0
GT-090,A2,D3_contextualizacion,1.0
GT-090,A2,D3_metodo_detallado,1.0
GT-090,A2,D3_resultados_concretos,1.0
GT-090,A2,D4_consistencia,2.0
GT-090,A2,no_evaluable,0.0
GT-091,A2,D1_imryd_conclusiones,0.0
GT-091,A2,D1_imryd_metodologia,1.0
GT-091,A2,D1_imryd_objetivo,1.0
GT-091,A2,D1_imryd_resultados,0.0
GT-091,A2,D1_orden_logico,1.0
GT-091,A2,D2_coherencia,3.0
GT-091,A2,D3_conclusion_responde,0.0
GT-091,A2,D3_contextualizacion,1.0
GT-091,A2,D3_metodo_detallado,1.0
GT-091,A2,D3_resultados_concretos,0.0
GT-091,A2,D4_consistencia,3.0
GT-091,A2,no_evaluable,0.0
GT-092,A2,D1_imryd_conclusiones,0.0
GT-092,A2,D1_imryd_metodologia,0.0
GT-092,A2,D1_imryd_objetivo,1.0
GT-092,A2,D1_imryd_resultados,0.0
GT-092,A2,D1_orden_logico,1.0
GT-092,A2,D2_coherencia,2.0
GT-092,A2,D3_conclusion_responde,0.0
GT-092,A2,D3_contextualizacion,1.0
GT-092,A2,D3_metodo_detallado,0.0
GT-092,A2,D3_resultados_concretos,0.0
GT-092,A2,D4_consistencia,2.0
GT-092,A2,no_evaluable,0.0
GT-093,A2,D1_imryd_conclusiones,1.0
GT-093,A2,D1_imryd_metodologia,1.0
GT-093,A2,D1_imryd_objetivo,1.0
GT-093,A2,D1_imryd_resultados,1.0
GT-093,A2,D1_orden_logico,1.0
GT-093,A2,D2_coherencia,3.0
GT-093,A2,D3_conclusion_responde,1.0
GT-093,A2,D3_contextualizacion,1.0
GT-093,A2,D3_metodo_detallado,1.0
GT-093,A2,D3_resultados_concretos,1.0
GT-093,A2,D4_consistencia,2.0
GT-093,A2,no_evaluable,0.0
GT-094,A2,no_evaluable,1.0
GT-095,A2,D1_imryd_conclusiones,1.0
GT-095,A2,D1_imryd_metodologia,1.0
GT-095,A2,D1_imryd_objetivo,1.0
GT-095,A2,D1_imryd_resultados,0.0
GT-095,A2,D1_orden_logico,1.0
GT-095,A2,D2_coherencia,3.0
GT-095,A2,D3_conclusion_responde,0.0
GT-095,A2,D3_contextualizacion,1.0
GT-095,A2,D3_metodo_detallado,0.0
GT-095,A2,D3_resultados_concretos,0.0
GT-095,A2,D4_consistencia,2.0
GT-095,A2,no_evaluable,0.0
GT-096,A2,D1_imryd_conclusiones,1.0
GT-096,A2,D1_imryd_metodologia,0.0
GT-096,A2,D1_imryd_objetivo,1.0
GT-096,A2,D1_imryd_resultados,1.0
GT-096,A2,D1_orden_logico,1.0
GT-096,A2,D2_coherencia,4.0
GT-096,A2,D3_conclusion_responde,1.0
GT-096,A2,D3_contextualizacion,1.0
GT-096,A2,D3_metodo_detallado,0.0
GT-096,A2,D3_resultados_concretos,1.0
GT-096,A2,no_evaluable,1.0
GT-097,A2,D1_imryd_conclusiones,1.0
GT-097,A2,D1_imryd_metodologia,1.0
GT-097,A2,D1_imryd_objetivo,1.0
GT-097,A2,D1_imryd_resultados,1.0
GT-097,A2,D1_orden_logico,1.0
GT-097,A2,D2_coherencia,4.0
GT-097,A2,D3_conclusion_responde,1.0
GT-097,A2,D3_contextualizacion,1.0
GT-097,A2,D3_metodo_detallado,1.0
GT-097,A2,D3_resultados_concretos,1.0
GT-097,A2,D4_consistencia,3.0
GT-097,A2,no_evaluable,0.0
GT-098,A2,D1_imryd_conclusiones,1.0
GT-098,A2,D1_imryd_metodologia,1.0
GT-098,A2,D1_imryd_objetivo,1.0
GT-098,A2,D1_imryd_resultados,1.0
GT-098,A2,D1_orden_logico,1.0
GT-098,A2,D2_coherencia,3.0
GT-098,A2,D3_conclusion_responde,1.0
GT-098,A2,D3_contextualizacion,1.0
GT-098,A2,D3_metodo_detallado,1.0
GT-098,A2,D3_resultados_concretos,1.0
GT-098,A2,D4_consistencia,3.0
GT-098,A2,no_evaluable,0.0
GT-099,A2,D1_imryd_conclusiones,1.0
GT-099,A2,D1_imryd_metodologia,1.0
GT-099,A2,D1_imryd_objetivo,1.0
GT-099,A2,D1_imryd_resultados,1.0
GT-099,A2,D1_orden_logico,1.0
GT-099,A2,D2_coherencia,3.0
GT-099,A2,D3_conclusion_responde,0.0
GT-099,A2,D3_contextualizacion,1.0
GT-099,A2,D3_metodo_detallado,1.0
GT-099,A2,D3_resultados_concretos,1.0
GT-099,A2,D4_consistencia,2.0
GT-099,A2,no_evaluable,0.0
GT-100,A2,D1_imryd_conclusiones,0.0
GT-100,A2,D1_imryd_metodologia,1.0
GT-100,A2,D1_imryd_objetivo,1.0
GT-100,A2,D1_imryd_resultados,1.0
GT-100,A2,D1_orden_logico,1.0
GT-100,A2,D2_coherencia,3.0
GT-100,A2,D3_conclusion_responde,0.0
GT-100,A2,D3_contextualizacion,1.0
GT-100,A2,D3_metodo_detallado,1.0
GT-100,A2,D3_resultados_concretos,1.0
GT-100,A2,D4_consistencia,2.0
GT-100,A2,no_evaluable,0.0
GT-101,A2,D1_imryd_conclusiones,1.0
GT-101,A2,D1_imryd_metodologia,1.0
GT-101,A2,D1_imryd_objetivo,1.0
GT-101,A2,D1_imryd_resultados,1.0
GT-101,A2,D1_orden_logico,1.0
GT-101,A2,D2_coherencia,3.0
GT-101,A2,D3_conclusion_responde,1.0
GT-101,A2,D3_contextualizacion,1.0
GT-101,A2,D3_metodo_detallado,1.0
GT-101,A2,D3_resultados_concretos,1.0
GT-101,A2,D4_consistencia,2.0
GT-101,A2,no_evaluable,0.0
GT-102,A2,D1_imryd_conclusiones,1.0
GT-102,A2,D1_imryd_metodologia,1.0
GT-102,A2,D1_imryd_objetivo,1.0
GT-102,A2,D1_imryd_resultados,1.0
GT-102,A2,D1_orden_logico,1.0
GT-102,A2,D2_coherencia,4.0
GT-102,A2,D3_conclusion_responde,1.0
GT-102,A2,D3_contextualizacion,1.0
GT-102,A2,D3_metodo_detallado,1.0
GT-102,A2,D3_resultados_concretos,1.0
GT-102,A2,D4_consistencia,3.0
GT-102,A2,no_evaluable,0.0
GT-103,A2,D1_imryd_conclusiones,0.0
GT-103,A2,D1_imryd_metodologia,1.0
GT-103,A2,D1_imryd_objetivo,1.0
GT-103,A2,D1_imryd_resultados,1.0
GT-103,A2,D1_orden_logico,1.0
GT-103,A2,D2_coherencia,4.0
GT-103,A2,D3_conclusion_responde,0.0
GT-103,A2,D3_contextualizacion,1.0
GT-103,A2,D3_metodo_detallado,1.0
GT-103,A2,D3_resultados_concretos,1.0
GT-103,A2,D4_consistencia,4.0
GT-103,A2,no_evaluable,0.0
GT-104,A2,D1_imryd_conclusiones,0.0
GT-104,A2,D1_imryd_metodologia,1.0
GT-104,A2,D1_imryd_objetivo,1.0
GT-104,A2,D1_imryd_resultados,1.0
GT-104,A2,D1_orden_logico,1.0
GT-104,A2,D2_coherencia,2.0
GT-104,A2,D3_conclusion_responde,0.0
GT-104,A2,D3_contextualizacion,1.0
GT-104,A2,D3_metodo_detallado,1.0
GT-104,A2,D3_resultados_concretos,0.0
GT-104,A2,D4_consistencia,2.0
GT-104,A2,no_evaluable,0.0
GT-105,A2,D1_imryd_conclusiones,1.0
GT-105,A2,D1_imryd_metodologia,1.0
GT-105,A2,D1_imryd_objetivo,1.0
GT-105,A2,D1_imryd_resultados,1.0
GT-105,A2,D1_orden_logico,1.0
GT-105,A2,D2_coherencia,4.0
GT-105,A2,D3_conclusion_responde,1.0
GT-105,A2,D3_contextualizacion,0.0
GT-105,A2,D3_metodo_detallado,1.0
GT-105,A2,D3_resultados_concretos,1.0
GT-105,A2,D4_consistencia,2.0
GT-105,A2,no_evaluable,0.0
GT-106,A2,D1_imryd_conclusiones,0.0
GT-106,A2,D1_imryd_metodologia,1.0
GT-106,A2,D1_imryd_objetivo,1.0
GT-106,A2,D1_imryd_resultados,1.0
GT-106,A2,D1_orden_logico,1.0
GT-106,A2,D2_coherencia,3.0
GT-106,A2,D3_conclusion_responde,0.0
GT-106,A2,D3_contextualizacion,1.0
GT-106,A2,D3_metodo_detallado,0.0
GT-106,A2,D3_resultados_concretos,0.0
GT-106,A2,D4_consistencia,2.0
GT-106,A2,no_evaluable,0.0
GT-107,A2,D1_imryd_conclusiones,1.0
GT-107,A2,D1_imryd_metodologia,1.0
GT-107,A2,D1_imryd_objetivo,1.0
GT-107,A2,D1_imryd_resultados,1.0
GT-107,A2,D1_orden_logico,1.0
GT-107,A2,D2_coherencia,4.0
GT-107,A2,D3_conclusion_responde,1.0
GT-107,A2,D3_contextualizacion,1.0
GT-107,A2,D3_metodo_detallado,1.0
GT-107,A2,D3_resultados_concretos,1.0
GT-107,A2,D4_consistencia,2.0
GT-107,A2,no_evaluable,0.0
GT-108,A2,D1_imryd_conclusiones,1.0
GT-108,A2,D1_imryd_metodologia,1.0
GT-108,A2,D1_imryd_objetivo,1.0
GT-108,A2,D1_imryd_resultados,1.0
GT-108,A2,D1_orden_logico,1.0
GT-108,A2,D2_coherencia,4.0
GT-108,A2,D3_conclusion_responde,1.0
GT-108,A2,D3_contextualizacion,1.0
GT-108,A2,D3_metodo_detallado,1.0
GT-108,A2,D3_resultados_concretos,0.0
GT-108,A2,D4_consistencia,2.0
GT-108,A2,no_evaluable,0.0
GT-109,A2,D1_imryd_conclusiones,0.0
GT-109,A2,D1_imryd_metodologia,1.0
GT-109,A2,D1_imryd_objetivo,1.0
GT-109,A2,D1_imryd_resultados,1.0
GT-109,A2,D1_orden_logico,1.0
GT-109,A2,D2_coherencia,3.0
GT-109,A2,D3_conclusion_responde,0.0
GT-109,A2,D3_contextualizacion,1.0
GT-109,A2,D3_metodo_detallado,1.0
GT-109,A2,D3_resultados_concretos,1.0
GT-109,A2,D4_consistencia,2.0
GT-109,A2,no_evaluable,0.0
GT-110,A2,D1_imryd_conclusiones,0.0
GT-110,A2,D1_imryd_metodologia,1.0
GT-110,A2,D1_imryd_objetivo,1.0
GT-110,A2,D1_imryd_resultados,1.0
GT-110,A2,D1_orden_logico,1.0
GT-110,A2,D2_coherencia,3.0
GT-110,A2,D3_conclusion_responde,0.0
GT-110,A2,D3_contextualizacion,1.0
GT-110,A2,D3_metodo_detallado,1.0
GT-110,A2,D3_resultados_concretos,1.0
GT-110,A2,D4_consistencia,2.0
GT-110,A2,no_evaluable,0.0
GT-111,A2,D1_imryd_conclusiones,1.0
GT-111,A2,D1_imryd_metodologia,1.0
GT-111,A2,D1_imryd_objetivo,1.0
GT-111,A2,D1_imryd_resultados,1.0
GT-111,A2,D1_orden_logico,1.0
GT-111,A2,D2_coherencia,4.0
GT-111,A2,D3_conclusion_responde,1.0
GT-111,A2,D3_contextualizacion,0.0
GT-111,A2,D3_metodo_detallado,1.0
GT-111,A2,D3_resultados_concretos,1.0
GT-111,A2,D4_consistencia,3.0
GT-111,A2,no_evaluable,0.0
GT-112,A2,D1_imryd_conclusiones,1.0
GT-112,A2,D1_imryd_metodologia,1.0
GT-112,A2,D1_imryd_objetivo,1.0
GT-112,A2,D1_imryd_resultados,1.0
GT-112,A2,D1_orden_logico,1.0
GT-112,A2,D2_coherencia,5.0
GT-112,A2,D3_conclusion_responde,1.0
GT-112,A2,D3_contextualizacion,1.0
GT-112,A2,D3_metodo_detallado,1.0
GT-112,A2,D3_resultados_concretos,1.0
GT-112,A2,D4_consistencia,3.0
GT-112,A2,no_evaluable,0.0
GT-113,A2,D1_imryd_conclusiones,1.0
GT-113,A2,D1_imryd_metodologia,1.0
GT-113,A2,D1_imryd_objetivo,1.0
GT-113,A2,D1_imryd_resultados,1.0
GT-113,A2,D1_orden_logico,1.0
GT-113,A2,D2_coherencia,4.0
GT-113,A2,D3_conclusion_responde,1.0
GT-113,A2,D3_contextualizacion,1.0
GT-113,A2,D3_metodo_detallado,1.0
GT-113,A2,D3_resultados_concretos,1.0
GT-113,A2,D4_consistencia,4.0
GT-113,A2,no_evaluable,0.0
GT-114,A2,D1_imryd_conclusiones,1.0
GT-114,A2,D1_imryd_metodologia,1.0
GT-114,A2,D1_imryd_objetivo,1.0
GT-114,A2,D1_imryd_resultados,1.0
GT-114,A2,D1_orden_logico,1.0
GT-114,A2,D2_coherencia,2.0
GT-114,A2,D3_conclusion_responde,1.0
GT-114,A2,D3_contextualizacion,1.0
GT-114,A2,D3_metodo_detallado,1.0
GT-114,A2,D3_resultados_concretos,1.0
GT-114,A2,D4_consistencia,2.0
GT-114,A2,no_evaluable,0.0
GT-115,A2,D1_imryd_conclusiones,0.0
GT-115,A2,D1_imryd_metodologia,0.0
GT-115,A2,D1_imryd_objetivo,1.0
GT-115,A2,D1_imryd_resultados,0.0
GT-115,A2,D1_orden_logico,1.0
GT-115,A2,D2_coherencia,2.0
GT-115,A2,D3_conclusion_responde,0.0
GT-115,A2,D3_contextualizacion,1.0
GT-115,A2,D3_metodo_detallado,0.0
GT-115,A2,D3_resultados_concretos,0.0
GT-115,A2,no_evaluable,1.0
GT-116,A2,D1_imryd_conclusiones,0.0
GT-116,A2,D1_imryd_metodologia,1.0
GT-116,A2,D1_imryd_objetivo,1.0
GT-116,A2,D1_imryd_resultados,1.0
GT-116,A2,D1_orden_logico,1.0
GT-116,A2,D2_coherencia,2.0
GT-116,A2,D3_conclusion_responde,0.0
GT-116,A2,D3_contextualizacion,1.0
GT-116,A2,D3_metodo_detallado,0.0
GT-116,A2,D3_resultados_concretos,1.0
GT-116,A2,D4_consistencia,2.0
GT-116,A2,no_evaluable,0.0
GT-117,A2,D1_imryd_conclusiones,1.0
GT-117,A2,D1_imryd_metodologia,1.0
GT-117,A2,D1_imryd_objetivo,1.0
GT-117,A2,D1_imryd_resultados,1.0
GT-117,A2,D1_orden_logico,1.0
GT-117,A2,D2_coherencia,4.0
GT-117,A2,D3_conclusion_responde,1.0
GT-117,A2,D3_contextualizacion,1.0
GT-117,A2,D3_metodo_detallado,1.0
GT-117,A2,D3_resultados_concretos,1.0
GT-117,A2,D4_consistencia,3.0
GT-117,A2,no_evaluable,0.0
GT-118,A2,D1_imryd_conclusiones,1.0
GT-118,A2,D1_imryd_metodologia,1.0
GT-118,A2,D1_imryd_objetivo,1.0
GT-118,A2,D1_imryd_resultados,1.0
GT-118,A2,D1_orden_logico,1.0
GT-118,A2,D2_coherencia,2.0
GT-118,A2,D3_conclusion_responde,1.0
GT-118,A2,D3_contextualizacion,1.0
GT-118,A2,D3_metodo_detallado,1.0
GT-118,A2,D3_resultados_concretos,1.0
GT-118,A2,D4_consistencia,1.0
GT-118,A2,no_evaluable,0.0
GT-119,A2,D1_imryd_conclusiones,1.0
GT-119,A2,D1_imryd_metodologia,0.0
GT-119,A2,D1_imryd_objetivo,1.0
GT-119,A2,D1_imryd_resultados,1.0
GT-119,A2,D1_orden_logico,1.0
GT-119,A2,D2_coherencia,3.0
GT-119,A2,D3_conclusion_responde,1.0
GT-119,A2,D3_contextualizacion,1.0
GT-119,A2,D3_metodo_detallado,0.0
GT-119,A2,D3_resultados_concretos,1.0
GT-119,A2,no_evaluable,1.0
GT-120,A2,D1_imryd_conclusiones,0.0
GT-120,A2,D1_imryd_metodologia,1.0
GT-120,A2,D1_imryd_objetivo,1.0
GT-120,A2,D1_imryd_resultados,0.0
GT-120,A2,D1_orden_logico,1.0
GT-120,A2,D2_coherencia,3.0
GT-120,A2,D3_conclusion_responde,0.0
GT-120,A2,D3_contextualizacion,1.0
GT-120,A2,D3_metodo_detallado,1.0
GT-120,A2,D3_resultados_concretos,0.0
GT-120,A2,D4_consistencia,2.0
GT-120,A2,no_evaluable,0.0
GT-121,A2,D1_imryd_conclusiones,1.0
GT-121,A2,D1_imryd_metodologia,1.0
GT-121,A2,D1_imryd_objetivo,1.0
GT-121,A2,D1_imryd_resultados,1.0
GT-121,A2,D1_orden_logico,1.0
GT-121,A2,D2_coherencia,3.0
GT-121,A2,D3_conclusion_responde,1.0
GT-121,A2,D3_contextualizacion,1.0
GT-121,A2,D3_metodo_detallado,1.0
GT-121,A2,D3_resultados_concretos,0.0
GT-121,A2,D4_consistencia,3.0
GT-121,A2,no_evaluable,0.0
GT-122,A2,D1_imryd_conclusiones,1.0
GT-122,A2,D1_imryd_metodologia,1.0
GT-122,A2,D1_imryd_objetivo,1.0
GT-122,A2,D1_imryd_resultados,1.0
GT-122,A2,D1_orden_logico,1.0
GT-122,A2,D2_coherencia,3.0
GT-122,A2,D3_conclusion_responde,1.0
GT-122,A2,D3_contextualizacion,1.0
GT-122,A2,D3_metodo_detallado,1.0
GT-122,A2,D3_resultados_concretos,1.0
GT-122,A2,D4_consistencia,3.0
GT-122,A2,no_evaluable,0.0
GT-123,A2,D1_imryd_conclusiones,1.0
GT-123,A2,D1_imryd_metodologia,1.0
GT-123,A2,D1_imryd_objetivo,1.0
GT-123,A2,D1_imryd_resultados,1.0
GT-123,A2,D1_orden_logico,1.0
GT-123,A2,D2_coherencia,4.0
GT-123,A2,D3_conclusion_responde,1.0
GT-123,A2,D3_contextualizacion,1.0
GT-123,A2,D3_metodo_detallado,1.0
GT-123,A2,D3_resultados_concretos,1.0
GT-123,A2,D4_consistencia,3.0
GT-123,A2,no_evaluable,0.0
GT-124,A2,D1_imryd_conclusiones,1.0
GT-124,A2,D1_imryd_metodologia,1.0
GT-124,A2,D1_imryd_objetivo,1.0
GT-124,A2,D1_imryd_resultados,1.0
GT-124,A2,D1_orden_logico,1.0
GT-124,A2,D2_coherencia,2.0
GT-124,A2,D3_conclusion_responde,1.0
GT-124,A2,D3_contextualizacion,1.0
GT-124,A2,D3_metodo_detallado,1.0
GT-124,A2,D3_resultados_concretos,1.0
GT-124,A2,D4_consistencia,2.0
GT-124,A2,no_evaluable,0.0
GT-125,A2,D1_imryd_conclusiones,1.0
GT-125,A2,D1_imryd_metodologia,1.0
GT-125,A2,D1_imryd_objetivo,1.0
GT-125,A2,D1_imryd_resultados,1.0
GT-125,A2,D1_orden_logico,1.0
GT-125,A2,D2_coherencia,4.0
GT-125,A2,D3_conclusion_responde,1.0
GT-125,A2,D3_contextualizacion,1.0
GT-125,A2,D3_metodo_detallado,1.0
GT-125,A2,D3_resultados_concretos,1.0
GT-125,A2,D4_consistencia,3.0
GT-125,A2,no_evaluable,0.0
GT-126,A2,D1_imryd_conclusiones,1.0
GT-126,A2,D1_imryd_metodologia,1.0
GT-126,A2,D1_imryd_objetivo,1.0
GT-126,A2,D1_imryd_resultados,1.0
GT-126,A2,D1_orden_logico,1.0
GT-126,A2,D2_coherencia,3.0
GT-126,A2,D3_conclusion_responde,1.0
GT-126,A2,D3_contextualizacion,1.0
GT-126,A2,D3_metodo_detallado,1.0
GT-126,A2,D3_resultados_concretos,1.0
GT-126,A2,D4_consistencia,2.0
GT-126,A2,no_evaluable,0.0
GT-127,A2,D1_imryd_conclusiones,1.0
GT-127,A2,D1_imryd_metodologia,1.0
GT-127,A2,D1_imryd_objetivo,1.0
GT-127,A2,D1_imryd_resultados,1.0
GT-127,A2,D1_orden_logico,1.0
GT-127,A2,D2_coherencia,4.0
GT-127,A2,D3_conclusion_responde,1.0
GT-127,A2,D3_contextualizacion,1.0
GT-127,A2,D3_metodo_detallado,1.0
GT-127,A2,D3_resultados_concretos,1.0
GT-127,A2,D4_consistencia,4.0
GT-127,A2,no_evaluable,0.0
GT-128,A2,D1_imryd_conclusiones,1.0
GT-128,A2,D1_imryd_metodologia,1.0
GT-128,A2,D1_imryd_objetivo,1.0
GT-128,A2,D1_imryd_resultados,1.0
GT-128,A2,D1_orden_logico,1.0
GT-128,A2,D2_coherencia,3.0
GT-128,A2,D3_conclusion_responde,1.0
GT-128,A2,D3_contextualizacion,1.0
GT-128,A2,D3_metodo_detallado,1.0
GT-128,A2,D3_resultados_concretos,1.0
GT-128,A2,D4_consistencia,1.0
GT-128,A2,no_evaluable,0.0
GT-129,A2,D1_imryd_conclusiones,1.0
GT-129,A2,D1_imryd_metodologia,1.0
GT-129,A2,D1_imryd_objetivo,1.0
GT-129,A2,D1_imryd_resultados,1.0
GT-129,A2,D1_orden_logico,1.0
GT-129,A2,D2_coherencia,3.0
GT-129,A2,D3_conclusion_responde,1.0
GT-129,A2,D3_contextualizacion,1.0
GT-129,A2,D3_metodo_detallado,1.0
GT-129,A2,D3_resultados_concretos,1.0
GT-129,A2,D4_consistencia,1.0
GT-129,A2,no_evaluable,0.0
GT-130,A2,D1_imryd_conclusiones,1.0
GT-130,A2,D1_imryd_metodologia,1.0
GT-130,A2,D1_imryd_objetivo,1.0
GT-130,A2,D1_imryd_resultados,1.0
GT-130,A2,D1_orden_logico,1.0
GT-130,A2,D2_coherencia,4.0
GT-130,A2,D3_conclusion_responde,0.0
GT-130,A2,D3_contextualizacion,1.0
GT-130,A2,D3_metodo_detallado,1.0
GT-130,A2,D3_resultados_concretos,1.0
GT-130,A2,D4_consistencia,2.0
GT-130,A2,no_evaluable,0.0
GT-131,A2,D1_imryd_conclusiones,0.0
GT-131,A2,D1_imryd_metodologia,1.0
GT-131,A2,D1_imryd_objetivo,1.0
GT-131,A2,D1_imryd_resultados,0.0
GT-131,A2,D1_orden_logico,1.0
GT-131,A2,D2_coherencia,4.0
GT-131,A2,D3_conclusion_responde,0.0
GT-131,A2,D3_contextualizacion,1.0
GT-131,A2,D3_metodo_detallado,1.0
GT-131,A2,D3_resultados_concretos,0.0
GT-131,A2,D4_consistencia,3.0
GT-131,A2,no_evaluable,0.0
GT-132,A2,D1_imryd_conclusiones,0.0
GT-132,A2,D1_imryd_metodologia,1.0
GT-132,A2,D1_imryd_objetivo,1.0
GT-132,A2,D1_imryd_resultados,1.0
GT-132,A2,D1_orden_logico,1.0
GT-132,A2,D2_coherencia,4.0
GT-132,A2,D3_conclusion_responde,0.0
GT-132,A2,D3_contextualizacion,1.0
GT-132,A2,D3_metodo_detallado,1.0
GT-132,A2,D3_resultados_concretos,1.0
GT-132,A2,D4_consistencia,2.0
GT-132,A2,no_evaluable,0.0
GT-133,A2,D1_imryd_conclusiones,1.0
GT-133,A2,D1_imryd_metodologia,1.0
GT-133,A2,D1_imryd_objetivo,1.0
GT-133,A2,D1_imryd_resultados,1.0
GT-133,A2,D1_orden_logico,1.0
GT-133,A2,D2_coherencia,3.0
GT-133,A2,D3_conclusion_responde,1.0
GT-133,A2,D3_contextualizacion,1.0
GT-133,A2,D3_metodo_detallado,1.0
GT-133,A2,D3_resultados_concretos,1.0
GT-133,A2,D4_consistencia,2.0
GT-133,A2,no_evaluable,0.0
GT-134,A2,D1_imryd_conclusiones,0.0
GT-134,A2,D1_imryd_metodologia,1.0
GT-134,A2,D1_imryd_objetivo,1.0
GT-134,A2,D1_imryd_resultados,1.0
GT-134,A2,D1_orden_logico,1.0
GT-134,A2,D2_coherencia,4.0
GT-134,A2,D3_conclusion_responde,0.0
GT-134,A2,D3_contextualizacion,1.0
GT-134,A2,D3_metodo_detallado,1.0
GT-134,A2,D3_resultados_concretos,0.0
GT-134,A2,D4_consistencia,2.0
GT-134,A2,no_evaluable,0.0
GT-135,A2,D1_imryd_conclusiones,1.0
GT-135,A2,D1_imryd_metodologia,1.0
GT-135,A2,D1_imryd_objetivo,1.0
GT-135,A2,D1_imryd_resultados,1.0
GT-135,A2,D1_orden_logico,1.0
GT-135,A2,D2_coherencia,3.0
GT-135,A2,D3_conclusion_responde,1.0
GT-135,A2,D3_contextualizacion,1.0
GT-135,A2,D3_metodo_detallado,1.0
GT-135,A2,D3_resultados_concretos,1.0
GT-135,A2,D4_consistencia,1.0
GT-135,A2,no_evaluable,0.0
GT-136,A2,D1_imryd_conclusiones,1.0
GT-136,A2,D1_imryd_metodologia,1.0
GT-136,A2,D1_imryd_objetivo,1.0
GT-136,A2,D1_imryd_resultados,1.0
GT-136,A2,D1_orden_logico,1.0
GT-136,A2,D2_coherencia,4.0
GT-136,A2,D3_conclusion_responde,1.0
GT-136,A2,D3_contextualizacion,1.0
GT-136,A2,D3_metodo_detallado,1.0
GT-136,A2,D3_resultados_concretos,1.0
GT-136,A2,D4_consistencia,3.0
GT-136,A2,no_evaluable,0.0
GT-137,A2,D1_imryd_conclusiones,0.0
GT-137,A2,D1_imryd_metodologia,1.0
GT-137,A2,D1_imryd_objetivo,1.0
GT-137,A2,D1_imryd_resultados,1.0
GT-137,A2,D1_orden_logico,1.0
GT-137,A2,D2_coherencia,3.0
GT-137,A2,D3_conclusion_responde,0.0
GT-137,A2,D3_contextualizacion,1.0
GT-137,A2,D3_metodo_detallado,1.0
GT-137,A2,D3_resultados_concretos,1.0
GT-137,A2,D4_consistencia,3.0
GT-137,A2,no_evaluable,0.0
GT-138,A2,D1_imryd_conclusiones,0.0
GT-138,A2,D1_imryd_metodologia,1.0
GT-138,A2,D1_imryd_objetivo,1.0
GT-138,A2,D1_imryd_resultados,1.0
GT-138,A2,D1_orden_logico,1.0
GT-138,A2,D2_coherencia,3.0
GT-138,A2,D3_conclusion_responde,0.0
GT-138,A2,D3_contextualizacion,1.0
GT-138,A2,D3_metodo_detallado,1.0
GT-138,A2,D3_resultados_concretos,1.0
GT-138,A2,D4_consistencia,2.0
GT-138,A2,no_evaluable,0.0
GT-139,A2,D1_imryd_conclusiones,1.0
GT-139,A2,D1_imryd_metodologia,1.0
GT-139,A2,D1_imryd_objetivo,1.0
GT-139,A2,D1_imryd_resultados,1.0
GT-139,A2,D1_orden_logico,1.0
GT-139,A2,D2_coherencia,4.0
GT-139,A2,D3_conclusion_responde,1.0
GT-139,A2,D3_contextualizacion,1.0
GT-139,A2,D3_metodo_detallado,1.0
GT-139,A2,D3_resultados_concretos,1.0
GT-139,A2,D4_consistencia,2.0
GT-139,A2,no_evaluable,0.0
GT-140,A2,D1_imryd_conclusiones,1.0
GT-140,A2,D1_imryd_metodologia,1.0
GT-140,A2,D1_imryd_objetivo,1.0
GT-140,A2,D1_imryd_resultados,1.0
GT-140,A2,D1_orden_logico,1.0
GT-140,A2,D2_coherencia,3.0
GT-140,A2,D3_conclusion_responde,1.0
GT-140,A2,D3_contextualizacion,1.0
GT-140,A2,D3_metodo_detallado,1.0
GT-140,A2,D3_resultados_concretos,1.0
GT-140,A2,D4_consistencia,2.0
GT-140,A2,no_evaluable,0.0
GT-141,A2,D1_imryd_conclusiones,0.0
GT-141,A2,D1_imryd_metodologia,1.0
GT-141,A2,D1_imryd_objetivo,1.0
GT-141,A2,D1_imryd_resultados,1.0
GT-141,A2,D1_orden_logico,1.0
GT-141,A2,D2_coherencia,3.0
GT-141,A2,D3_conclusion_responde,0.0
GT-141,A2,D3_contextualizacion,1.0
GT-141,A2,D3_metodo_detallado,1.0
GT-141,A2,D3_resultados_concretos,0.0
GT-141,A2,D4_consistencia,2.0
GT-141,A2,no_evaluable,0.0
GT-142,A2,D1_imryd_conclusiones,1.0
GT-142,A2,D1_imryd_metodologia,1.0
GT-142,A2,D1_imryd_objetivo,1.0
GT-142,A2,D1_imryd_resultados,1.0
GT-142,A2,D1_orden_logico,1.0
GT-142,A2,D2_coherencia,4.0
GT-142,A2,D3_conclusion_responde,1.0
GT-142,A2,D3_contextualizacion,1.0
GT-142,A2,D3_metodo_detallado,1.0
GT-142,A2,D3_resultados_concretos,1.0
GT-142,A2,D4_consistencia,2.0
GT-142,A2,no_evaluable,0.0
GT-143,A2,D1_imryd_conclusiones,1.0
GT-143,A2,D1_imryd_metodologia,1.0
GT-143,A2,D1_imryd_objetivo,0.0
GT-143,A2,D1_imryd_resultados,1.0
GT-143,A2,D1_orden_logico,1.0
GT-143,A2,D2_coherencia,2.0
GT-143,A2,D3_conclusion_responde,0.0
GT-143,A2,D3_contextualizacion,1.0
GT-143,A2,D3_metodo_detallado,1.0
GT-143,A2,D3_resultados_concretos,0.0
GT-143,A2,D4_consistencia,2.0
GT-143,A2,no_evaluable,0.0
GT-144,A2,D1_imryd_conclusiones,1.0
GT-144,A2,D1_imryd_metodologia,1.0
GT-144,A2,D1_imryd_objetivo,1.0
GT-144,A2,D1_imryd_resultados,1.0
GT-144,A2,D1_orden_logico,1.0
GT-144,A2,D2_coherencia,4.0
GT-144,A2,D3_conclusion_responde,1.0
GT-144,A2,D3_contextualizacion,0.0
GT-144,A2,D3_metodo_detallado,1.0
GT-144,A2,D3_resultados_concretos,1.0
GT-144,A2,D4_consistencia,3.0
GT-144,A2,no_evaluable,0.0
GT-145,A2,D1_imryd_conclusiones,1.0
GT-145,A2,D1_imryd_metodologia,1.0
GT-145,A2,D1_imryd_objetivo,1.0
GT-145,A2,D1_imryd_resultados,1.0
GT-145,A2,D1_orden_logico,1.0
GT-145,A2,D2_coherencia,2.0
GT-145,A2,D3_conclusion_responde,1.0
GT-145,A2,D3_contextualizacion,1.0
GT-145,A2,D3_metodo_detallado,1.0
GT-145,A2,D3_resultados_concretos,0.0
GT-145,A2,D4_consistencia,3.0
GT-145,A2,no_evaluable,0.0
GT-146,A2,D1_imryd_conclusiones,1.0
GT-146,A2,D1_imryd_metodologia,1.0
GT-146,A2,D1_imryd_objetivo,1.0
GT-146,A2,D1_imryd_resultados,1.0
GT-146,A2,D1_orden_logico,1.0
GT-146,A2,D2_coherencia,4.0
GT-146,A2,D3_conclusion_responde,1.0
GT-146,A2,D3_contextualizacion,1.0
GT-146,A2,D3_metodo_detallado,1.0
GT-146,A2,D3_resultados_concretos,1.0
GT-146,A2,D4_consistencia,3.0
GT-146,A2,no_evaluable,0.0
GT-147,A2,D1_imryd_conclusiones,1.0
GT-147,A2,D1_imryd_metodologia,1.0
GT-147,A2,D1_imryd_objetivo,1.0
GT-147,A2,D1_imryd_resultados,1.0
GT-147,A2,D1_orden_logico,1.0
GT-147,A2,D2_coherencia,4.0
GT-147,A2,D3_conclusion_responde,1.0
GT-147,A2,D3_contextualizacion,1.0
GT-147,A2,D3_metodo_detallado,1.0
GT-147,A2,D3_resultados_concretos,1.0
GT-147,A2,D4_consistencia,2.0
GT-147,A2,no_evaluable,0.0
GT-148,A2,D1_imryd_conclusiones,1.0
GT-148,A2,D1_imryd_metodologia,1.0
GT-148,A2,D1_imryd_objetivo,1.0
GT-148,A2,D1_imryd_resultados,1.0
GT-148,A2,D1_orden_logico,1.0
GT-148,A2,D2_coherencia,4.0
GT-148,A2,D3_conclusion_responde,1.0
GT-148,A2,D3_contextualizacion,1.0
GT-148,A2,D3_metodo_detallado,1.0
GT-148,A2,D3_resultados_concretos,0.0
GT-148,A2,D4_consistencia,2.0
GT-148,A2,no_evaluable,0.0
GT-149,A2,D1_imryd_conclusiones,1.0
GT-149,A2,D1_imryd_metodologia,1.0
GT-149,A2,D1_imryd_objetivo,1.0
GT-149,A2,D1_imryd_resultados,1.0
GT-149,A2,D1_orden_logico,1.0
GT-149,A2,D2_coherencia,4.0
GT-149,A2,D3_conclusion_responde,1.0
GT-149,A2,D3_contextualizacion,1.0
GT-149,A2,D3_metodo_detallado,1.0
GT-149,A2,D3_resultados_concretos,1.0
GT-149,A2,D4_consistencia,3.0
GT-149,A2,no_evaluable,0.0
GT-150,A2,D1_imryd_conclusiones,1.0
GT-150,A2,D1_imryd_metodologia,1.0
GT-150,A2,D1_imryd_objetivo,1.0
GT-150,A2,D1_imryd_resultados,1.0
GT-150,A2,D1_orden_logico,1.0
GT-150,A2,D2_coherencia,3.0
GT-150,A2,D3_conclusion_responde,1.0
GT-150,A2,D3_contextualizacion,1.0
GT-150,A2,D3_metodo_detallado,1.0
GT-150,A2,D3_resultados_concretos,1.0
GT-150,A2,D4_consistencia,2.0
GT-150,A2,no_evaluable,0.0
GT-151,A2,D1_imryd_conclusiones,1.0
GT-151,A2,D1_imryd_metodologia,1.0
GT-151,A2,D1_imryd_objetivo,1.0
GT-151,A2,D1_imryd_resultados,1.0
GT-151,A2,D1_orden_logico,1.0
GT-151,A2,D2_coherencia,3.0
GT-151,A2,D3_conclusion_responde,1.0
GT-151,A2,D3_contextualizacion,1.0
GT-151,A2,D3_metodo_detallado,1.0
GT-151,A2,D3_resultados_concretos,1.0
GT-151,A2,D4_consistencia,4.0
GT-151,A2,no_evaluable,0.0
GT-152,A2,D1_imryd_conclusiones,1.0
GT-152,A2,D1_imryd_metodologia,1.0
GT-152,A2,D1_imryd_objetivo,1.0
GT-152,A2,D1_imryd_resultados,1.0
GT-152,A2,D1_orden_logico,1.0
GT-152,A2,D2_coherencia,4.0
GT-152,A2,D3_conclusion_responde,1.0
GT-152,A2,D3_contextualizacion,1.0
GT-152,A2,D3_metodo_detallado,1.0
GT-152,A2,D3_resultados_concretos,1.0
GT-152,A2,D4_consistencia,1.0
GT-152,A2,no_evaluable,0.0
GT-153,A2,D1_imryd_conclusiones,1.0
GT-153,A2,D1_imryd_metodologia,1.0
GT-153,A2,D1_imryd_objetivo,1.0
GT-153,A2,D1_imryd_resultados,1.0
GT-153,A2,D1_orden_logico,1.0
GT-153,A2,D2_coherencia,4.0
GT-153,A2,D3_conclusion_responde,0.0
GT-153,A2,D3_contextualizacion,1.0
GT-153,A2,D3_metodo_detallado,1.0
GT-153,A2,D3_resultados_concretos,1.0
GT-153,A2,D4_consistencia,2.0
GT-153,A2,no_evaluable,0.0
GT-154,A2,D1_imryd_conclusiones,0.0
GT-154,A2,D1_imryd_metodologia,1.0
GT-154,A2,D1_imryd_objetivo,1.0
GT-154,A2,D1_imryd_resultados,1.0
GT-154,A2,D1_orden_logico,1.0
GT-154,A2,D2_coherencia,3.0
GT-154,A2,D3_conclusion_responde,0.0
GT-154,A2,D3_contextualizacion,1.0
GT-154,A2,D3_metodo_detallado,0.0
GT-154,A2,D3_resultados_concretos,1.0
GT-154,A2,D4_consistencia,2.0
GT-154,A2,no_evaluable,0.0
GT-155,A2,D1_imryd_conclusiones,0.0
GT-155,A2,D1_imryd_metodologia,1.0
GT-155,A2,D1_imryd_objetivo,1.0
GT-155,A2,D1_imryd_resultados,1.0
GT-155,A2,D1_orden_logico,1.0
GT-155,A2,D2_coherencia,2.0
GT-155,A2,D3_conclusion_responde,0.0
GT-155,A2,D3_contextualizacion,0.0
GT-155,A2,D3_metodo_detallado,1.0
GT-155,A2,D3_resultados_concretos,1.0
GT-155,A2,D4_consistencia,2.0
GT-155,A2,no_evaluable,0.0
GT-156,A2,D1_imryd_conclusiones,0.0
GT-156,A2,D1_imryd_metodologia,0.0
GT-156,A2,D1_imryd_objetivo,1.0
GT-156,A2,D1_imryd_resultados,0.0
GT-156,A2,D1_orden_logico,1.0
GT-156,A2,D2_coherencia,2.0
GT-156,A2,D3_conclusion_responde,0.0
GT-156,A2,D3_contextualizacion,1.0
GT-156,A2,D3_metodo_detallado,0.0
GT-156,A2,D3_resultados_concretos,0.0
GT-156,A2,no_evaluable,1.0
GT-157,A2,D1_imryd_conclusiones,0.0
GT-157,A2,D1_imryd_metodologia,1.0
GT-157,A2,D1_imryd_objetivo,1.0
GT-157,A2,D1_imryd_resultados,0.0
GT-157,A2,D1_orden_logico,1.0
GT-157,A2,D2_coherencia,3.0
GT-157,A2,D3_conclusion_responde,0.0
GT-157,A2,D3_contextualizacion,1.0
GT-157,A2,D3_metodo_detallado,1.0
GT-157,A2,D3_resultados_concretos,0.0
GT-157,A2,D4_consistencia,2.0
GT-157,A2,no_evaluable,0.0
GT-158,A2,D1_imryd_conclusiones,1.0
GT-158,A2,D1_imryd_metodologia,1.0
GT-158,A2,D1_imryd_objetivo,1.0
GT-158,A2,D1_imryd_resultados,1.0
GT-158,A2,D1_orden_logico,1.0
GT-158,A2,D2_coherencia,4.0
GT-158,A2,D3_conclusion_responde,1.0
GT-158,A2,D3_contextualizacion,1.0
GT-158,A2,D3_metodo_detallado,1.0
GT-158,A2,D3_resultados_concretos,1.0
GT-158,A2,D4_consistencia,2.0
GT-158,A2,no_evaluable,0.0
GT-159,A2,D1_imryd_conclusiones,1.0
GT-159,A2,D1_imryd_metodologia,1.0
GT-159,A2,D1_imryd_objetivo,1.0
GT-159,A2,D1_imryd_resultados,1.0
GT-159,A2,D1_orden_logico,1.0
GT-159,A2,D2_coherencia,4.0
GT-159,A2,D3_conclusion_responde,1.0
GT-159,A2,D3_contextualizacion,1.0
GT-159,A2,D3_metodo_detallado,1.0
GT-159,A2,D3_resultados_concretos,1.0
GT-159,A2,D4_consistencia,4.0
GT-159,A2,no_evaluable,0.0
GT-160,A2,D1_imryd_conclusiones,0.0
GT-160,A2,D1_imryd_metodologia,1.0
GT-160,A2,D1_imryd_objetivo,1.0
GT-160,A2,D1_imryd_resultados,1.0
GT-160,A2,D1_orden_logico,1.0
GT-160,A2,D2_coherencia,3.0
GT-160,A2,D3_conclusion_responde,0.0
GT-160,A2,D3_contextualizacion,1.0
GT-160,A2,D3_metodo_detallado,1.0
GT-160,A2,D3_resultados_concretos,1.0
GT-160,A2,D4_consistencia,3.0
GT-160,A2,no_evaluable,0.0
GT-002,LLM_prior,D1_imryd_conclusiones,0.0
GT-002,LLM_prior,D1_imryd_metodologia,1.0
GT-002,LLM_prior,D1_imryd_objetivo,1.0
GT-002,LLM_prior,D1_imryd_resultados,1.0
GT-002,LLM_prior,D1_orden_logico,1.0
GT-002,LLM_prior,D2_coherencia,3.0
GT-002,LLM_prior,D3_conclusion_responde,0.0
GT-002,LLM_prior,D3_contextualizacion,0.0
GT-002,LLM_prior,D3_metodo_detallado,1.0
GT-002,LLM_prior,D3_resultados_concretos,1.0
GT-002,LLM_prior,D4_consistencia,4.0
GT-002,LLM_prior,no_evaluable,0.0
GT-003,LLM_prior,D1_imryd_conclusiones,0.0
GT-003,LLM_prior,D1_imryd_metodologia,1.0
GT-003,LLM_prior,D1_imryd_objetivo,1.0
GT-003,LLM_prior,D1_imryd_resultados,0.0
GT-003,LLM_prior,D1_orden_logico,1.0
GT-003,LLM_prior,D2_coherencia,4.0
GT-003,LLM_prior,D3_conclusion_responde,0.0
GT-003,LLM_prior,D3_contextualizacion,0.0
GT-003,LLM_prior,D3_metodo_detallado,0.0
GT-003,LLM_prior,D3_resultados_concretos,0.0
GT-003,LLM_prior,no_evaluable,1.0
GT-004,LLM_prior,D1_imryd_conclusiones,1.0
GT-004,LLM_prior,D1_imryd_metodologia,1.0
GT-004,LLM_prior,D1_imryd_objetivo,1.0
GT-004,LLM_prior,D1_imryd_resultados,1.0
GT-004,LLM_prior,D1_orden_logico,1.0
GT-004,LLM_prior,D2_coherencia,5.0
GT-004,LLM_prior,D3_conclusion_responde,1.0
GT-004,LLM_prior,D3_contextualizacion,1.0
GT-004,LLM_prior,D3_metodo_detallado,1.0
GT-004,LLM_prior,D3_resultados_concretos,1.0
GT-004,LLM_prior,D4_consistencia,3.0
GT-004,LLM_prior,no_evaluable,0.0
GT-005,LLM_prior,D1_imryd_conclusiones,0.0
GT-005,LLM_prior,D1_imryd_metodologia,1.0
GT-005,LLM_prior,D1_imryd_objetivo,1.0
GT-005,LLM_prior,D1_imryd_resultados,1.0
GT-005,LLM_prior,D1_orden_logico,1.0
GT-005,LLM_prior,D2_coherencia,4.0
GT-005,LLM_prior,D3_conclusion_responde,0.0
GT-005,LLM_prior,D3_contextualizacion,1.0
GT-005,LLM_prior,D3_metodo_detallado,1.0
GT-005,LLM_prior,D3_resultados_concretos,1.0
GT-005,LLM_prior,D4_consistencia,5.0
GT-005,LLM_prior,no_evaluable,0.0
GT-006,LLM_prior,D1_imryd_conclusiones,0.0
GT-006,LLM_prior,D1_imryd_metodologia,1.0
GT-006,LLM_prior,D1_imryd_objetivo,1.0
GT-006,LLM_prior,D1_imryd_resultados,0.0
GT-006,LLM_prior,D1_orden_logico,1.0
GT-006,LLM_prior,D2_coherencia,3.0
GT-006,LLM_prior,D3_conclusion_responde,0.0
GT-006,LLM_prior,D3_contextualizacion,1.0
GT-006,LLM_prior,D3_metodo_detallado,1.0
GT-006,LLM_prior,D3_resultados_concretos,0.0
GT-006,LLM_prior,D4_consistencia,2.0
GT-006,LLM_prior,no_evaluable,0.0
GT-007,LLM_prior,D1_imryd_conclusiones,0.0
GT-007,LLM_prior,D1_imryd_metodologia,1.0
GT-007,LLM_prior,D1_imryd_objetivo,1.0
GT-007,LLM_prior,D1_imryd_resultados,1.0
GT-007,LLM_prior,D1_orden_logico,1.0
GT-007,LLM_prior,D2_coherencia,3.0
GT-007,LLM_prior,D3_conclusion_responde,0.0
GT-007,LLM_prior,D3_contextualizacion,1.0
GT-007,LLM_prior,D3_metodo_detallado,1.0
GT-007,LLM_prior,D3_resultados_concretos,1.0
GT-007,LLM_prior,D4_consistencia,2.0
GT-007,LLM_prior,no_evaluable,0.0
GT-008,LLM_prior,D1_imryd_conclusiones,1.0
GT-008,LLM_prior,D1_imryd_metodologia,1.0
GT-008,LLM_prior,D1_imryd_objetivo,1.0
GT-008,LLM_prior,D1_imryd_resultados,1.0
GT-008,LLM_prior,D1_orden_logico,1.0
GT-008,LLM_prior,D2_coherencia,5.0
GT-008,LLM_prior,D3_conclusion_responde,1.0
GT-008,LLM_prior,D3_contextualizacion,0.0
GT-008,LLM_prior,D3_metodo_detallado,1.0
GT-008,LLM_prior,D3_resultados_concretos,1.0
GT-008,LLM_prior,D4_consistencia,5.0
GT-008,LLM_prior,no_evaluable,0.0
GT-009,LLM_prior,D1_imryd_conclusiones,1.0
GT-009,LLM_prior,D1_imryd_metodologia,1.0
GT-009,LLM_prior,D1_imryd_objetivo,1.0
GT-009,LLM_prior,D1_imryd_resultados,1.0
GT-009,LLM_prior,D1_orden_logico,1.0
GT-009,LLM_prior,D2_coherencia,2.0
GT-009,LLM_prior,D3_conclusion_responde,1.0
GT-009,LLM_prior,D3_contextualizacion,1.0
GT-009,LLM_prior,D3_metodo_detallado,1.0
GT-009,LLM_prior,D3_resultados_concretos,1.0
GT-009,LLM_prior,D4_consistencia,4.0
GT-009,LLM_prior,no_evaluable,0.0
GT-010,LLM_prior,D1_imryd_conclusiones,1.0
GT-010,LLM_prior,D1_imryd_metodologia,1.0
GT-010,LLM_prior,D1_imryd_objetivo,1.0
GT-010,LLM_prior,D1_imryd_resultados,1.0
GT-010,LLM_prior,D1_orden_logico,0.0
GT-010,LLM_prior,D2_coherencia,3.0
GT-010,LLM_prior,D3_conclusion_responde,1.0
GT-010,LLM_prior,D3_contextualizacion,0.0
GT-010,LLM_prior,D3_metodo_detallado,1.0
GT-010,LLM_prior,D3_resultados_concretos,1.0
GT-010,LLM_prior,D4_consistencia,3.0
GT-010,LLM_prior,no_evaluable,0.0
GT-011,LLM_prior,D1_imryd_conclusiones,0.0
GT-011,LLM_prior,D1_imryd_metodologia,1.0
GT-011,LLM_prior,D1_imryd_objetivo,1.0
GT-011,LLM_prior,D1_imryd_resultados,1.0
GT-011,LLM_prior,D1_orden_logico,1.0
GT-011,LLM_prior,D2_coherencia,4.0
GT-011,LLM_prior,D3_conclusion_responde,0.0
GT-011,LLM_prior,D3_contextualizacion,0.0
GT-011,LLM_prior,D3_metodo_detallado,1.0
GT-011,LLM_prior,D3_resultados_concretos,1.0
GT-011,LLM_prior,D4_consistencia,4.0
GT-011,LLM_prior,no_evaluable,0.0
GT-012,LLM_prior,D1_imryd_conclusiones,1.0
GT-012,LLM_prior,D1_imryd_metodologia,1.0
GT-012,LLM_prior,D1_imryd_objetivo,1.0
GT-012,LLM_prior,D1_imryd_resultados,1.0
GT-012,LLM_prior,D1_orden_logico,1.0
GT-012,LLM_prior,D2_coherencia,4.0
GT-012,LLM_prior,D3_conclusion_responde,1.0
GT-012,LLM_prior,D3_contextualizacion,1.0
GT-012,LLM_prior,D3_metodo_detallado,1.0
GT-012,LLM_prior,D3_resultados_concretos,1.0
GT-012,LLM_prior,D4_consistencia,5.0
GT-012,LLM_prior,no_evaluable,0.0
GT-013,LLM_prior,D1_imryd_conclusiones,1.0
GT-013,LLM_prior,D1_imryd_metodologia,1.0
GT-013,LLM_prior,D1_imryd_objetivo,1.0
GT-013,LLM_prior,D1_imryd_resultados,1.0
GT-013,LLM_prior,D1_orden_logico,1.0
GT-013,LLM_prior,D2_coherencia,4.0
GT-013,LLM_prior,D3_conclusion_responde,1.0
GT-013,LLM_prior,D3_contextualizacion,0.0
GT-013,LLM_prior,D3_metodo_detallado,1.0
GT-013,LLM_prior,D3_resultados_concretos,1.0
GT-013,LLM_prior,D4_consistencia,5.0
GT-013,LLM_prior,no_evaluable,0.0
GT-014,LLM_prior,D1_imryd_conclusiones,1.0
GT-014,LLM_prior,D1_imryd_metodologia,1.0
GT-014,LLM_prior,D1_imryd_objetivo,1.0
GT-014,LLM_prior,D1_imryd_resultados,1.0
GT-014,LLM_prior,D1_orden_logico,1.0
GT-014,LLM_prior,D2_coherencia,2.0
GT-014,LLM_prior,D3_conclusion_responde,1.0
GT-014,LLM_prior,D3_contextualizacion,0.0
GT-014,LLM_prior,D3_metodo_detallado,0.0
GT-014,LLM_prior,D3_resultados_concretos,1.0
GT-014,LLM_prior,D4_consistencia,2.0
GT-014,LLM_prior,no_evaluable,0.0
GT-015,LLM_prior,D1_imryd_conclusiones,1.0
GT-015,LLM_prior,D1_imryd_metodologia,1.0
GT-015,LLM_prior,D1_imryd_objetivo,1.0
GT-015,LLM_prior,D1_imryd_resultados,1.0
GT-015,LLM_prior,D1_orden_logico,1.0
GT-015,LLM_prior,D2_coherencia,4.0
GT-015,LLM_prior,D3_conclusion_responde,1.0
GT-015,LLM_prior,D3_contextualizacion,0.0
GT-015,LLM_prior,D3_metodo_detallado,1.0
GT-015,LLM_prior,D3_resultados_concretos,1.0
GT-015,LLM_prior,D4_consistencia,1.0
GT-015,LLM_prior,no_evaluable,0.0
GT-016,LLM_prior,D1_imryd_conclusiones,1.0
GT-016,LLM_prior,D1_imryd_metodologia,1.0
GT-016,LLM_prior,D1_imryd_objetivo,1.0
GT-016,LLM_prior,D1_imryd_resultados,1.0
GT-016,LLM_prior,D1_orden_logico,1.0
GT-016,LLM_prior,D2_coherencia,4.0
GT-016,LLM_prior,D3_conclusion_responde,1.0
GT-016,LLM_prior,D3_contextualizacion,0.0
GT-016,LLM_prior,D3_metodo_detallado,1.0
GT-016,LLM_prior,D3_resultados_concretos,1.0
GT-016,LLM_prior,D4_consistencia,5.0
GT-016,LLM_prior,no_evaluable,0.0
GT-017,LLM_prior,D1_imryd_conclusiones,1.0
GT-017,LLM_prior,D1_imryd_metodologia,1.0
GT-017,LLM_prior,D1_imryd_objetivo,1.0
GT-017,LLM_prior,D1_imryd_resultados,1.0
GT-017,LLM_prior,D1_orden_logico,1.0
GT-017,LLM_prior,D2_coherencia,3.0
GT-017,LLM_prior,D3_conclusion_responde,1.0
GT-017,LLM_prior,D3_contextualizacion,1.0
GT-017,LLM_prior,D3_metodo_detallado,0.0
GT-017,LLM_prior,D3_resultados_concretos,1.0
GT-017,LLM_prior,D4_consistencia,3.0
GT-017,LLM_prior,no_evaluable,0.0
GT-018,LLM_prior,D1_imryd_conclusiones,0.0
GT-018,LLM_prior,D1_imryd_metodologia,1.0
GT-018,LLM_prior,D1_imryd_objetivo,1.0
GT-018,LLM_prior,D1_imryd_resultados,1.0
GT-018,LLM_prior,D1_orden_logico,1.0
GT-018,LLM_prior,D2_coherencia,4.0
GT-018,LLM_prior,D3_conclusion_responde,0.0
GT-018,LLM_prior,D3_contextualizacion,0.0
GT-018,LLM_prior,D3_metodo_detallado,1.0
GT-018,LLM_prior,D3_resultados_concretos,1.0
GT-018,LLM_prior,D4_consistencia,4.0
GT-018,LLM_prior,no_evaluable,0.0
GT-019,LLM_prior,D1_imryd_conclusiones,1.0
GT-019,LLM_prior,D1_imryd_metodologia,1.0
GT-019,LLM_prior,D1_imryd_objetivo,1.0
GT-019,LLM_prior,D1_imryd_resultados,1.0
GT-019,LLM_prior,D1_orden_logico,1.0
GT-019,LLM_prior,D2_coherencia,3.0
GT-019,LLM_prior,D3_conclusion_responde,1.0
GT-019,LLM_prior,D3_contextualizacion,0.0
GT-019,LLM_prior,D3_metodo_detallado,1.0
GT-019,LLM_prior,D3_resultados_concretos,1.0
GT-019,LLM_prior,D4_consistencia,5.0
GT-019,LLM_prior,no_evaluable,0.0
GT-020,LLM_prior,D1_imryd_conclusiones,1.0
GT-020,LLM_prior,D1_imryd_metodologia,1.0
GT-020,LLM_prior,D1_imryd_objetivo,1.0
GT-020,LLM_prior,D1_imryd_resultados,1.0
GT-020,LLM_prior,D1_orden_logico,1.0
GT-020,LLM_prior,D2_coherencia,5.0
GT-020,LLM_prior,D3_conclusion_responde,1.0
GT-020,LLM_prior,D3_contextualizacion,1.0
GT-020,LLM_prior,D3_metodo_detallado,1.0
GT-020,LLM_prior,D3_resultados_concretos,1.0
GT-020,LLM_prior,D4_consistencia,5.0
GT-020,LLM_prior,no_evaluable,0.0
GT-021,LLM_prior,D1_imryd_conclusiones,1.0
GT-021,LLM_prior,D1_imryd_metodologia,1.0
GT-021,LLM_prior,D1_imryd_objetivo,1.0
GT-021,LLM_prior,D1_imryd_resultados,1.0
GT-021,LLM_prior,D1_orden_logico,1.0
GT-021,LLM_prior,D2_coherencia,2.0
GT-021,LLM_prior,D3_conclusion_responde,1.0
GT-021,LLM_prior,D3_contextualizacion,0.0
GT-021,LLM_prior,D3_metodo_detallado,1.0
GT-021,LLM_prior,D3_resultados_concretos,1.0
GT-021,LLM_prior,D4_consistencia,4.0
GT-021,LLM_prior,no_evaluable,0.0
GT-022,LLM_prior,D1_imryd_conclusiones,1.0
GT-022,LLM_prior,D1_imryd_metodologia,1.0
GT-022,LLM_prior,D1_imryd_objetivo,1.0
GT-022,LLM_prior,D1_imryd_resultados,1.0
GT-022,LLM_prior,D1_orden_logico,1.0
GT-022,LLM_prior,D2_coherencia,2.0
GT-022,LLM_prior,D3_conclusion_responde,0.0
GT-022,LLM_prior,D3_contextualizacion,1.0
GT-022,LLM_prior,D3_metodo_detallado,1.0
GT-022,LLM_prior,D3_resultados_concretos,1.0
GT-022,LLM_prior,D4_consistencia,1.0
GT-022,LLM_prior,no_evaluable,0.0
GT-023,LLM_prior,D1_imryd_conclusiones,0.0
GT-023,LLM_prior,D1_imryd_metodologia,0.0
GT-023,LLM_prior,D1_imryd_objetivo,1.0
GT-023,LLM_prior,D1_imryd_resultados,0.0
GT-023,LLM_prior,D1_orden_logico,0.0
GT-023,LLM_prior,D2_coherencia,3.0
GT-023,LLM_prior,D3_conclusion_responde,0.0
GT-023,LLM_prior,D3_contextualizacion,1.0
GT-023,LLM_prior,D3_metodo_detallado,0.0
GT-023,LLM_prior,D3_resultados_concretos,0.0
GT-023,LLM_prior,no_evaluable,1.0
GT-024,LLM_prior,D1_imryd_conclusiones,1.0
GT-024,LLM_prior,D1_imryd_metodologia,1.0
GT-024,LLM_prior,D1_imryd_objetivo,1.0
GT-024,LLM_prior,D1_imryd_resultados,1.0
GT-024,LLM_prior,D1_orden_logico,1.0
GT-024,LLM_prior,D2_coherencia,2.0
GT-024,LLM_prior,D3_conclusion_responde,1.0
GT-024,LLM_prior,D3_contextualizacion,0.0
GT-024,LLM_prior,D3_metodo_detallado,0.0
GT-024,LLM_prior,D3_resultados_concretos,1.0
GT-024,LLM_prior,D4_consistencia,2.0
GT-024,LLM_prior,no_evaluable,0.0
GT-025,LLM_prior,D1_imryd_conclusiones,1.0
GT-025,LLM_prior,D1_imryd_metodologia,1.0
GT-025,LLM_prior,D1_imryd_objetivo,1.0
GT-025,LLM_prior,D1_imryd_resultados,1.0
GT-025,LLM_prior,D1_orden_logico,1.0
GT-025,LLM_prior,D2_coherencia,5.0
GT-025,LLM_prior,D3_conclusion_responde,1.0
GT-025,LLM_prior,D3_contextualizacion,1.0
GT-025,LLM_prior,D3_metodo_detallado,1.0
GT-025,LLM_prior,D3_resultados_concretos,1.0
GT-025,LLM_prior,D4_consistencia,5.0
GT-025,LLM_prior,no_evaluable,0.0
GT-026,LLM_prior,D1_imryd_conclusiones,1.0
GT-026,LLM_prior,D1_imryd_metodologia,1.0
GT-026,LLM_prior,D1_imryd_objetivo,1.0
GT-026,LLM_prior,D1_imryd_resultados,1.0
GT-026,LLM_prior,D1_orden_logico,1.0
GT-026,LLM_prior,D2_coherencia,5.0
GT-026,LLM_prior,D3_conclusion_responde,1.0
GT-026,LLM_prior,D3_contextualizacion,1.0
GT-026,LLM_prior,D3_metodo_detallado,1.0
GT-026,LLM_prior,D3_resultados_concretos,1.0
GT-026,LLM_prior,D4_consistencia,3.0
GT-026,LLM_prior,no_evaluable,0.0
GT-027,LLM_prior,D1_imryd_conclusiones,0.0
GT-027,LLM_prior,D1_imryd_metodologia,0.0
GT-027,LLM_prior,D1_imryd_objetivo,1.0
GT-027,LLM_prior,D1_imryd_resultados,0.0
GT-027,LLM_prior,D1_orden_logico,0.0
GT-027,LLM_prior,D2_coherencia,3.0
GT-027,LLM_prior,D3_conclusion_responde,0.0
GT-027,LLM_prior,D3_contextualizacion,1.0
GT-027,LLM_prior,D3_metodo_detallado,0.0
GT-027,LLM_prior,D3_resultados_concretos,0.0
GT-027,LLM_prior,no_evaluable,1.0
GT-028,LLM_prior,D1_imryd_conclusiones,1.0
GT-028,LLM_prior,D1_imryd_metodologia,1.0
GT-028,LLM_prior,D1_imryd_objetivo,1.0
GT-028,LLM_prior,D1_imryd_resultados,1.0
GT-028,LLM_prior,D1_orden_logico,1.0
GT-028,LLM_prior,D2_coherencia,4.0
GT-028,LLM_prior,D3_conclusion_responde,1.0
GT-028,LLM_prior,D3_contextualizacion,1.0
GT-028,LLM_prior,D3_metodo_detallado,1.0
GT-028,LLM_prior,D3_resultados_concretos,1.0
GT-028,LLM_prior,D4_consistencia,4.0
GT-028,LLM_prior,no_evaluable,0.0
GT-029,LLM_prior,D1_imryd_conclusiones,1.0
GT-029,LLM_prior,D1_imryd_metodologia,1.0
GT-029,LLM_prior,D1_imryd_objetivo,1.0
GT-029,LLM_prior,D1_imryd_resultados,1.0
GT-029,LLM_prior,D1_orden_logico,1.0
GT-029,LLM_prior,D2_coherencia,2.0
GT-029,LLM_prior,D3_conclusion_responde,1.0
GT-029,LLM_prior,D3_contextualizacion,0.0
GT-029,LLM_prior,D3_metodo_detallado,1.0
GT-029,LLM_prior,D3_resultados_concretos,1.0
GT-029,LLM_prior,D4_consistencia,2.0
GT-029,LLM_prior,no_evaluable,0.0
GT-030,LLM_prior,D1_imryd_conclusiones,1.0
GT-030,LLM_prior,D1_imryd_metodologia,1.0
GT-030,LLM_prior,D1_imryd_objetivo,1.0
GT-030,LLM_prior,D1_imryd_resultados,1.0
GT-030,LLM_prior,D1_orden_logico,1.0
GT-030,LLM_prior,D2_coherencia,4.0
GT-030,LLM_prior,D3_conclusion_responde,1.0
GT-030,LLM_prior,D3_contextualizacion,0.0
GT-030,LLM_prior,D3_metodo_detallado,1.0
GT-030,LLM_prior,D3_resultados_concretos,1.0
GT-030,LLM_prior,D4_consistencia,5.0
GT-030,LLM_prior,no_evaluable,0.0
GT-031,LLM_prior,D1_imryd_conclusiones,1.0
GT-031,LLM_prior,D1_imryd_metodologia,1.0
GT-031,LLM_prior,D1_imryd_objetivo,1.0
GT-031,LLM_prior,D1_imryd_resultados,1.0
GT-031,LLM_prior,D1_orden_logico,1.0
GT-031,LLM_prior,D2_coherencia,4.0
GT-031,LLM_prior,D3_conclusion_responde,1.0
GT-031,LLM_prior,D3_contextualizacion,0.0
GT-031,LLM_prior,D3_metodo_detallado,1.0
GT-031,LLM_prior,D3_resultados_concretos,1.0
GT-031,LLM_prior,D4_consistencia,5.0
GT-031,LLM_prior,no_evaluable,0.0
GT-032,LLM_prior,D1_imryd_conclusiones,1.0
GT-032,LLM_prior,D1_imryd_metodologia,1.0
GT-032,LLM_prior,D1_imryd_objetivo,1.0
GT-032,LLM_prior,D1_imryd_resultados,1.0
GT-032,LLM_prior,D1_orden_logico,1.0
GT-032,LLM_prior,D2_coherencia,5.0
GT-032,LLM_prior,D3_conclusion_responde,1.0
GT-032,LLM_prior,D3_contextualizacion,1.0
GT-032,LLM_prior,D3_metodo_detallado,1.0
GT-032,LLM_prior,D3_resultados_concretos,1.0
GT-032,LLM_prior,D4_consistencia,5.0
GT-032,LLM_prior,no_evaluable,0.0
GT-033,LLM_prior,D1_imryd_conclusiones,1.0
GT-033,LLM_prior,D1_imryd_metodologia,1.0
GT-033,LLM_prior,D1_imryd_objetivo,1.0
GT-033,LLM_prior,D1_imryd_resultados,1.0
GT-033,LLM_prior,D1_orden_logico,1.0
GT-033,LLM_prior,D2_coherencia,5.0
GT-033,LLM_prior,D3_conclusion_responde,1.0
GT-033,LLM_prior,D3_contextualizacion,1.0
GT-033,LLM_prior,D3_metodo_detallado,1.0
GT-033,LLM_prior,D3_resultados_concretos,1.0
GT-033,LLM_prior,D4_consistencia,5.0
GT-033,LLM_prior,no_evaluable,0.0
GT-034,LLM_prior,D1_imryd_conclusiones,0.0
GT-034,LLM_prior,D1_imryd_metodologia,1.0
GT-034,LLM_prior,D1_imryd_objetivo,1.0
GT-034,LLM_prior,D1_imryd_resultados,1.0
GT-034,LLM_prior,D1_orden_logico,1.0
GT-034,LLM_prior,D2_coherencia,4.0
GT-034,LLM_prior,D3_conclusion_responde,0.0
GT-034,LLM_prior,D3_contextualizacion,1.0
GT-034,LLM_prior,D3_metodo_detallado,1.0
GT-034,LLM_prior,D3_resultados_concretos,1.0
GT-034,LLM_prior,D4_consistencia,4.0
GT-034,LLM_prior,no_evaluable,0.0
GT-035,LLM_prior,D1_imryd_conclusiones,0.0
GT-035,LLM_prior,D1_imryd_metodologia,1.0
GT-035,LLM_prior,D1_imryd_objetivo,1.0
GT-035,LLM_prior,D1_imryd_resultados,0.0
GT-035,LLM_prior,D1_orden_logico,1.0
GT-035,LLM_prior,D2_coherencia,4.0
GT-035,LLM_prior,D3_conclusion_responde,0.0
GT-035,LLM_prior,D3_contextualizacion,1.0
GT-035,LLM_prior,D3_metodo_detallado,0.0
GT-035,LLM_prior,D3_resultados_concretos,0.0
GT-035,LLM_prior,no_evaluable,1.0
GT-036,LLM_prior,D1_imryd_conclusiones,1.0
GT-036,LLM_prior,D1_imryd_metodologia,1.0
GT-036,LLM_prior,D1_imryd_objetivo,1.0
GT-036,LLM_prior,D1_imryd_resultados,1.0
GT-036,LLM_prior,D1_orden_logico,1.0
GT-036,LLM_prior,D2_coherencia,5.0
GT-036,LLM_prior,D3_conclusion_responde,1.0
GT-036,LLM_prior,D3_contextualizacion,1.0
GT-036,LLM_prior,D3_metodo_detallado,1.0
GT-036,LLM_prior,D3_resultados_concretos,1.0
GT-036,LLM_prior,D4_consistencia,5.0
GT-036,LLM_prior,no_evaluable,0.0
GT-037,LLM_prior,D1_imryd_conclusiones,0.0
GT-037,LLM_prior,D1_imryd_metodologia,1.0
GT-037,LLM_prior,D1_imryd_objetivo,1.0
GT-037,LLM_prior,D1_imryd_resultados,1.0
GT-037,LLM_prior,D1_orden_logico,1.0
GT-037,LLM_prior,D2_coherencia,1.0
GT-037,LLM_prior,D3_conclusion_responde,0.0
GT-037,LLM_prior,D3_contextualizacion,0.0
GT-037,LLM_prior,D3_metodo_detallado,1.0
GT-037,LLM_prior,D3_resultados_concretos,1.0
GT-037,LLM_prior,D4_consistencia,3.0
GT-037,LLM_prior,no_evaluable,0.0
GT-038,LLM_prior,D1_imryd_conclusiones,1.0
GT-038,LLM_prior,D1_imryd_metodologia,1.0
GT-038,LLM_prior,D1_imryd_objetivo,1.0
GT-038,LLM_prior,D1_imryd_resultados,1.0
GT-038,LLM_prior,D1_orden_logico,1.0
GT-038,LLM_prior,D2_coherencia,5.0
GT-038,LLM_prior,D3_conclusion_responde,1.0
GT-038,LLM_prior,D3_contextualizacion,0.0
GT-038,LLM_prior,D3_metodo_detallado,1.0
GT-038,LLM_prior,D3_resultados_concretos,1.0
GT-038,LLM_prior,D4_consistencia,5.0
GT-038,LLM_prior,no_evaluable,0.0
GT-039,LLM_prior,D1_imryd_conclusiones,1.0
GT-039,LLM_prior,D1_imryd_metodologia,1.0
GT-039,LLM_prior,D1_imryd_objetivo,1.0
GT-039,LLM_prior,D1_imryd_resultados,1.0
GT-039,LLM_prior,D1_orden_logico,1.0
GT-039,LLM_prior,D2_coherencia,4.0
GT-039,LLM_prior,D3_conclusion_responde,1.0
GT-039,LLM_prior,D3_contextualizacion,0.0
GT-039,LLM_prior,D3_metodo_detallado,1.0
GT-039,LLM_prior,D3_resultados_concretos,1.0
GT-039,LLM_prior,D4_consistencia,4.0
GT-039,LLM_prior,no_evaluable,0.0
GT-040,LLM_prior,D1_imryd_conclusiones,0.0
GT-040,LLM_prior,D1_imryd_metodologia,1.0
GT-040,LLM_prior,D1_imryd_objetivo,1.0
GT-040,LLM_prior,D1_imryd_resultados,1.0
GT-040,LLM_prior,D1_orden_logico,1.0
GT-040,LLM_prior,D2_coherencia,4.0
GT-040,LLM_prior,D3_conclusion_responde,0.0
GT-040,LLM_prior,D3_contextualizacion,1.0
GT-040,LLM_prior,D3_metodo_detallado,0.0
GT-040,LLM_prior,D3_resultados_concretos,1.0
GT-040,LLM_prior,D4_consistencia,4.0
GT-040,LLM_prior,no_evaluable,0.0
GT-041,LLM_prior,no_evaluable,1.0
GT-042,LLM_prior,D1_imryd_conclusiones,1.0
GT-042,LLM_prior,D1_imryd_metodologia,1.0
GT-042,LLM_prior,D1_imryd_objetivo,1.0
GT-042,LLM_prior,D1_imryd_resultados,1.0
GT-042,LLM_prior,D1_orden_logico,1.0
GT-042,LLM_prior,D2_coherencia,3.0
GT-042,LLM_prior,D3_conclusion_responde,1.0
GT-042,LLM_prior,D3_contextualizacion,1.0
GT-042,LLM_prior,D3_metodo_detallado,1.0
GT-042,LLM_prior,D3_resultados_concretos,0.0
GT-042,LLM_prior,D4_consistencia,2.0
GT-042,LLM_prior,no_evaluable,0.0
GT-043,LLM_prior,D1_imryd_conclusiones,1.0
GT-043,LLM_prior,D1_imryd_metodologia,1.0
GT-043,LLM_prior,D1_imryd_objetivo,1.0
GT-043,LLM_prior,D1_imryd_resultados,1.0
GT-043,LLM_prior,D1_orden_logico,1.0
GT-043,LLM_prior,D2_coherencia,4.0
GT-043,LLM_prior,D3_conclusion_responde,1.0
GT-043,LLM_prior,D3_contextualizacion,1.0
GT-043,LLM_prior,D3_metodo_detallado,1.0
GT-043,LLM_prior,D3_resultados_concretos,1.0
GT-043,LLM_prior,D4_consistencia,5.0
GT-043,LLM_prior,no_evaluable,0.0
GT-044,LLM_prior,D1_imryd_conclusiones,1.0
GT-044,LLM_prior,D1_imryd_metodologia,1.0
GT-044,LLM_prior,D1_imryd_objetivo,1.0
GT-044,LLM_prior,D1_imryd_resultados,1.0
GT-044,LLM_prior,D1_orden_logico,1.0
GT-044,LLM_prior,D2_coherencia,4.0
GT-044,LLM_prior,D3_conclusion_responde,1.0
GT-044,LLM_prior,D3_contextualizacion,1.0
GT-044,LLM_prior,D3_metodo_detallado,0.0
GT-044,LLM_prior,D3_resultados_concretos,1.0
GT-044,LLM_prior,D4_consistencia,3.0
GT-044,LLM_prior,no_evaluable,0.0
GT-045,LLM_prior,D1_imryd_conclusiones,0.0
GT-045,LLM_prior,D1_imryd_metodologia,1.0
GT-045,LLM_prior,D1_imryd_objetivo,1.0
GT-045,LLM_prior,D1_imryd_resultados,1.0
GT-045,LLM_prior,D1_orden_logico,1.0
GT-045,LLM_prior,D2_coherencia,3.0
GT-045,LLM_prior,D3_conclusion_responde,0.0
GT-045,LLM_prior,D3_contextualizacion,0.0
GT-045,LLM_prior,D3_metodo_detallado,1.0
GT-045,LLM_prior,D3_resultados_concretos,1.0
GT-045,LLM_prior,D4_consistencia,4.0
GT-045,LLM_prior,no_evaluable,0.0
GT-046,LLM_prior,D1_imryd_conclusiones,0.0
GT-046,LLM_prior,D1_imryd_metodologia,1.0
GT-046,LLM_prior,D1_imryd_objetivo,1.0
GT-046,LLM_prior,D1_imryd_resultados,1.0
GT-046,LLM_prior,D1_orden_logico,1.0
GT-046,LLM_prior,D2_coherencia,4.0
GT-046,LLM_prior,D3_conclusion_responde,0.0
GT-046,LLM_prior,D3_contextualizacion,1.0
GT-046,LLM_prior,D3_metodo_detallado,1.0
GT-046,LLM_prior,D3_resultados_concretos,1.0
GT-046,LLM_prior,D4_consistencia,4.0
GT-046,LLM_prior,no_evaluable,0.0
GT-047,LLM_prior,D1_imryd_conclusiones,0.0
GT-047,LLM_prior,D1_imryd_metodologia,1.0
GT-047,LLM_prior,D1_imryd_objetivo,1.0
GT-047,LLM_prior,D1_imryd_resultados,1.0
GT-047,LLM_prior,D1_orden_logico,1.0
GT-047,LLM_prior,D2_coherencia,2.0
GT-047,LLM_prior,D3_conclusion_responde,0.0
GT-047,LLM_prior,D3_contextualizacion,0.0
GT-047,LLM_prior,D3_metodo_detallado,1.0
GT-047,LLM_prior,D3_resultados_concretos,1.0
GT-047,LLM_prior,D4_consistencia,1.0
GT-047,LLM_prior,no_evaluable,0.0
GT-048,LLM_prior,D1_imryd_conclusiones,1.0
GT-048,LLM_prior,D1_imryd_metodologia,1.0
GT-048,LLM_prior,D1_imryd_objetivo,1.0
GT-048,LLM_prior,D1_imryd_resultados,1.0
GT-048,LLM_prior,D1_orden_logico,1.0
GT-048,LLM_prior,D2_coherencia,4.0
GT-048,LLM_prior,D3_conclusion_responde,1.0
GT-048,LLM_prior,D3_contextualizacion,0.0
GT-048,LLM_prior,D3_metodo_detallado,1.0
GT-048,LLM_prior,D3_resultados_concretos,1.0
GT-048,LLM_prior,D4_consistencia,2.0
GT-048,LLM_prior,no_evaluable,0.0
GT-049,LLM_prior,D1_imryd_conclusiones,0.0
GT-049,LLM_prior,D1_imryd_metodologia,1.0
GT-049,LLM_prior,D1_imryd_objetivo,1.0
GT-049,LLM_prior,D1_imryd_resultados,1.0
GT-049,LLM_prior,D1_orden_logico,1.0
GT-049,LLM_prior,D2_coherencia,3.0
GT-049,LLM_prior,D3_conclusion_responde,0.0
GT-049,LLM_prior,D3_contextualizacion,0.0
GT-049,LLM_prior,D3_metodo_detallado,1.0
GT-049,LLM_prior,D3_resultados_concretos,1.0
GT-049,LLM_prior,D4_consistencia,4.0
GT-049,LLM_prior,no_evaluable,0.0
GT-050,LLM_prior,D1_imryd_conclusiones,1.0
GT-050,LLM_prior,D1_imryd_metodologia,1.0
GT-050,LLM_prior,D1_imryd_objetivo,1.0
GT-050,LLM_prior,D1_imryd_resultados,1.0
GT-050,LLM_prior,D1_orden_logico,1.0
GT-050,LLM_prior,D2_coherencia,4.0
GT-050,LLM_prior,D3_conclusion_responde,1.0
GT-050,LLM_prior,D3_contextualizacion,1.0
GT-050,LLM_prior,D3_metodo_detallado,1.0
GT-050,LLM_prior,D3_resultados_concretos,1.0
GT-050,LLM_prior,D4_consistencia,5.0
GT-050,LLM_prior,no_evaluable,0.0
GT-051,LLM_prior,D1_imryd_conclusiones,1.0
GT-051,LLM_prior,D1_imryd_metodologia,1.0
GT-051,LLM_prior,D1_imryd_objetivo,1.0
GT-051,LLM_prior,D1_imryd_resultados,1.0
GT-051,LLM_prior,D1_orden_logico,1.0
GT-051,LLM_prior,D2_coherencia,2.0
GT-051,LLM_prior,D3_conclusion_responde,1.0
GT-051,LLM_prior,D3_contextualizacion,0.0
GT-051,LLM_prior,D3_metodo_detallado,1.0
GT-051,LLM_prior,D3_resultados_concretos,1.0
GT-051,LLM_prior,D4_consistencia,2.0
GT-051,LLM_prior,no_evaluable,0.0
GT-052,LLM_prior,D1_imryd_conclusiones,1.0
GT-052,LLM_prior,D1_imryd_metodologia,1.0
GT-052,LLM_prior,D1_imryd_objetivo,1.0
GT-052,LLM_prior,D1_imryd_resultados,1.0
GT-052,LLM_prior,D1_orden_logico,1.0
GT-052,LLM_prior,D2_coherencia,3.0
GT-052,LLM_prior,D3_conclusion_responde,1.0
GT-052,LLM_prior,D3_contextualizacion,0.0
GT-052,LLM_prior,D3_metodo_detallado,1.0
GT-052,LLM_prior,D3_resultados_concretos,1.0
GT-052,LLM_prior,D4_consistencia,1.0
GT-052,LLM_prior,no_evaluable,0.0
GT-053,LLM_prior,D1_imryd_conclusiones,0.0
GT-053,LLM_prior,D1_imryd_metodologia,1.0
GT-053,LLM_prior,D1_imryd_objetivo,1.0
GT-053,LLM_prior,D1_imryd_resultados,1.0
GT-053,LLM_prior,D1_orden_logico,1.0
GT-053,LLM_prior,D2_coherencia,2.0
GT-053,LLM_prior,D3_conclusion_responde,0.0
GT-053,LLM_prior,D3_contextualizacion,0.0
GT-053,LLM_prior,D3_metodo_detallado,1.0
GT-053,LLM_prior,D3_resultados_concretos,1.0
GT-053,LLM_prior,D4_consistencia,4.0
GT-053,LLM_prior,no_evaluable,0.0
GT-054,LLM_prior,D1_imryd_conclusiones,1.0
GT-054,LLM_prior,D1_imryd_metodologia,1.0
GT-054,LLM_prior,D1_imryd_objetivo,1.0
GT-054,LLM_prior,D1_imryd_resultados,1.0
GT-054,LLM_prior,D1_orden_logico,1.0
GT-054,LLM_prior,D2_coherencia,4.0
GT-054,LLM_prior,D3_conclusion_responde,1.0
GT-054,LLM_prior,D3_contextualizacion,1.0
GT-054,LLM_prior,D3_metodo_detallado,1.0
GT-054,LLM_prior,D3_resultados_concretos,1.0
GT-054,LLM_prior,D4_consistencia,4.0
GT-054,LLM_prior,no_evaluable,0.0
GT-055,LLM_prior,D1_imryd_conclusiones,1.0
GT-055,LLM_prior,D1_imryd_metodologia,1.0
GT-055,LLM_prior,D1_imryd_objetivo,1.0
GT-055,LLM_prior,D1_imryd_resultados,1.0
GT-055,LLM_prior,D1_orden_logico,1.0
GT-055,LLM_prior,D2_coherencia,4.0
GT-055,LLM_prior,D3_conclusion_responde,1.0
GT-055,LLM_prior,D3_contextualizacion,0.0
GT-055,LLM_prior,D3_metodo_detallado,1.0
GT-055,LLM_prior,D3_resultados_concretos,1.0
GT-055,LLM_prior,D4_consistencia,2.0
GT-055,LLM_prior,no_evaluable,0.0
GT-056,LLM_prior,D1_imryd_conclusiones,0.0
GT-056,LLM_prior,D1_imryd_metodologia,0.0
GT-056,LLM_prior,D1_imryd_objetivo,1.0
GT-056,LLM_prior,D1_imryd_resultados,0.0
GT-056,LLM_prior,D1_orden_logico,0.0
GT-056,LLM_prior,D2_coherencia,4.0
GT-056,LLM_prior,D3_conclusion_responde,0.0
GT-056,LLM_prior,D3_contextualizacion,1.0
GT-056,LLM_prior,D3_metodo_detallado,0.0
GT-056,LLM_prior,D3_resultados_concretos,0.0
GT-056,LLM_prior,no_evaluable,1.0
GT-057,LLM_prior,D1_imryd_conclusiones,1.0
GT-057,LLM_prior,D1_imryd_metodologia,1.0
GT-057,LLM_prior,D1_imryd_objetivo,1.0
GT-057,LLM_prior,D1_imryd_resultados,1.0
GT-057,LLM_prior,D1_orden_logico,1.0
GT-057,LLM_prior,D2_coherencia,4.0
GT-057,LLM_prior,D3_conclusion_responde,1.0
GT-057,LLM_prior,D3_contextualizacion,0.0
GT-057,LLM_prior,D3_metodo_detallado,1.0
GT-057,LLM_prior,D3_resultados_concretos,1.0
GT-057,LLM_prior,D4_consistencia,4.0
GT-057,LLM_prior,no_evaluable,0.0
GT-058,LLM_prior,D1_imryd_conclusiones,1.0
GT-058,LLM_prior,D1_imryd_metodologia,1.0
GT-058,LLM_prior,D1_imryd_objetivo,1.0
GT-058,LLM_prior,D1_imryd_resultados,1.0
GT-058,LLM_prior,D1_orden_logico,1.0
GT-058,LLM_prior,D2_coherencia,5.0
GT-058,LLM_prior,D3_conclusion_responde,1.0
GT-058,LLM_prior,D3_contextualizacion,0.0
GT-058,LLM_prior,D3_metodo_detallado,1.0
GT-058,LLM_prior,D3_resultados_concretos,1.0
GT-058,LLM_prior,D4_consistencia,4.0
GT-058,LLM_prior,no_evaluable,0.0
GT-059,LLM_prior,D1_imryd_conclusiones,0.0
GT-059,LLM_prior,D1_imryd_metodologia,1.0
GT-059,LLM_prior,D1_imryd_objetivo,1.0
GT-059,LLM_prior,D1_imryd_resultados,1.0
GT-059,LLM_prior,D1_orden_logico,1.0
GT-059,LLM_prior,D2_coherencia,4.0
GT-059,LLM_prior,D3_conclusion_responde,0.0
GT-059,LLM_prior,D3_contextualizacion,0.0
GT-059,LLM_prior,D3_metodo_detallado,1.0
GT-059,LLM_prior,D3_resultados_concretos,1.0
GT-059,LLM_prior,D4_consistencia,5.0
GT-059,LLM_prior,no_evaluable,0.0
GT-060,LLM_prior,D1_imryd_conclusiones,1.0
GT-060,LLM_prior,D1_imryd_metodologia,1.0
GT-060,LLM_prior,D1_imryd_objetivo,1.0
GT-060,LLM_prior,D1_imryd_resultados,0.0
GT-060,LLM_prior,D1_orden_logico,1.0
GT-060,LLM_prior,D2_coherencia,4.0
GT-060,LLM_prior,D3_conclusion_responde,0.0
GT-060,LLM_prior,D3_contextualizacion,0.0
GT-060,LLM_prior,D3_metodo_detallado,1.0
GT-060,LLM_prior,D3_resultados_concretos,0.0
GT-060,LLM_prior,D4_consistencia,3.0
GT-060,LLM_prior,no_evaluable,0.0
GT-061,LLM_prior,D1_imryd_conclusiones,1.0
GT-061,LLM_prior,D1_imryd_metodologia,1.0
GT-061,LLM_prior,D1_imryd_objetivo,1.0
GT-061,LLM_prior,D1_imryd_resultados,1.0
GT-061,LLM_prior,D1_orden_logico,0.0
GT-061,LLM_prior,D2_coherencia,2.0
GT-061,LLM_prior,D3_conclusion_responde,1.0
GT-061,LLM_prior,D3_contextualizacion,0.0
GT-061,LLM_prior,D3_metodo_detallado,1.0
GT-061,LLM_prior,D3_resultados_concretos,1.0
GT-061,LLM_prior,D4_consistencia,2.0
GT-061,LLM_prior,no_evaluable,0.0
GT-062,LLM_prior,D1_imryd_conclusiones,1.0
GT-062,LLM_prior,D1_imryd_metodologia,1.0
GT-062,LLM_prior,D1_imryd_objetivo,1.0
GT-062,LLM_prior,D1_imryd_resultados,1.0
GT-062,LLM_prior,D1_orden_logico,1.0
GT-062,LLM_prior,D2_coherencia,4.0
GT-062,LLM_prior,D3_conclusion_responde,1.0
GT-062,LLM_prior,D3_contextualizacion,0.0
GT-062,LLM_prior,D3_metodo_detallado,1.0
GT-062,LLM_prior,D3_resultados_concretos,1.0
GT-062,LLM_prior,D4_consistencia,5.0
GT-062,LLM_prior,no_evaluable,0.0
GT-063,LLM_prior,D1_imryd_conclusiones,0.0
GT-063,LLM_prior,D1_imryd_metodologia,1.0
GT-063,LLM_prior,D1_imryd_objetivo,1.0
GT-063,LLM_prior,D1_imryd_resultados,0.0
GT-063,LLM_prior,D1_orden_logico,1.0
GT-063,LLM_prior,D2_coherencia,3.0
GT-063,LLM_prior,D3_conclusion_responde,0.0
GT-063,LLM_prior,D3_contextualizacion,1.0
GT-063,LLM_prior,D3_metodo_detallado,0.0
GT-063,LLM_prior,D3_resultados_concretos,0.0
GT-063,LLM_prior,D4_consistencia,3.0
GT-063,LLM_prior,no_evaluable,0.0
GT-064,LLM_prior,D1_imryd_conclusiones,0.0
GT-064,LLM_prior,D1_imryd_metodologia,0.0
GT-064,LLM_prior,D1_imryd_objetivo,1.0
GT-064,LLM_prior,D1_imryd_resultados,0.0
GT-064,LLM_prior,D1_orden_logico,0.0
GT-064,LLM_prior,D2_coherencia,1.0
GT-064,LLM_prior,D3_conclusion_responde,0.0
GT-064,LLM_prior,D3_contextualizacion,0.0
GT-064,LLM_prior,D3_metodo_detallado,0.0
GT-064,LLM_prior,D3_resultados_concretos,0.0
GT-064,LLM_prior,no_evaluable,1.0
GT-065,LLM_prior,D1_imryd_conclusiones,1.0
GT-065,LLM_prior,D1_imryd_metodologia,1.0
GT-065,LLM_prior,D1_imryd_objetivo,1.0
GT-065,LLM_prior,D1_imryd_resultados,1.0
GT-065,LLM_prior,D1_orden_logico,1.0
GT-065,LLM_prior,D2_coherencia,4.0
GT-065,LLM_prior,D3_conclusion_responde,1.0
GT-065,LLM_prior,D3_contextualizacion,0.0
GT-065,LLM_prior,D3_metodo_detallado,1.0
GT-065,LLM_prior,D3_resultados_concretos,0.0
GT-065,LLM_prior,D4_consistencia,4.0
GT-065,LLM_prior,no_evaluable,0.0
GT-066,LLM_prior,D1_imryd_conclusiones,0.0
GT-066,LLM_prior,D1_imryd_metodologia,1.0
GT-066,LLM_prior,D1_imryd_objetivo,1.0
GT-066,LLM_prior,D1_imryd_resultados,1.0
GT-066,LLM_prior,D1_orden_logico,1.0
GT-066,LLM_prior,D2_coherencia,2.0
GT-066,LLM_prior,D3_conclusion_responde,0.0
GT-066,LLM_prior,D3_contextualizacion,1.0
GT-066,LLM_prior,D3_metodo_detallado,1.0
GT-066,LLM_prior,D3_resultados_concretos,1.0
GT-066,LLM_prior,D4_consistencia,4.0
GT-066,LLM_prior,no_evaluable,0.0
GT-067,LLM_prior,D1_imryd_conclusiones,0.0
GT-067,LLM_prior,D1_imryd_metodologia,1.0
GT-067,LLM_prior,D1_imryd_objetivo,1.0
GT-067,LLM_prior,D1_imryd_resultados,1.0
GT-067,LLM_prior,D1_orden_logico,1.0
GT-067,LLM_prior,D2_coherencia,4.0
GT-067,LLM_prior,D3_conclusion_responde,0.0
GT-067,LLM_prior,D3_contextualizacion,1.0
GT-067,LLM_prior,D3_metodo_detallado,1.0
GT-067,LLM_prior,D3_resultados_concretos,1.0
GT-067,LLM_prior,D4_consistencia,4.0
GT-067,LLM_prior,no_evaluable,0.0
GT-068,LLM_prior,D1_imryd_conclusiones,0.0
GT-068,LLM_prior,D1_imryd_metodologia,1.0
GT-068,LLM_prior,D1_imryd_objetivo,1.0
GT-068,LLM_prior,D1_imryd_resultados,0.0
GT-068,LLM_prior,D1_orden_logico,1.0
GT-068,LLM_prior,D2_coherencia,5.0
GT-068,LLM_prior,D3_conclusion_responde,0.0
GT-068,LLM_prior,D3_contextualizacion,1.0
GT-068,LLM_prior,D3_metodo_detallado,1.0
GT-068,LLM_prior,D3_resultados_concretos,0.0
GT-068,LLM_prior,D4_consistencia,5.0
GT-068,LLM_prior,no_evaluable,0.0
GT-069,LLM_prior,D1_imryd_conclusiones,1.0
GT-069,LLM_prior,D1_imryd_metodologia,1.0
GT-069,LLM_prior,D1_imryd_objetivo,1.0
GT-069,LLM_prior,D1_imryd_resultados,1.0
GT-069,LLM_prior,D1_orden_logico,1.0
GT-069,LLM_prior,D2_coherencia,4.0
GT-069,LLM_prior,D3_conclusion_responde,1.0
GT-069,LLM_prior,D3_contextualizacion,0.0
GT-069,LLM_prior,D3_metodo_detallado,1.0
GT-069,LLM_prior,D3_resultados_concretos,1.0
GT-069,LLM_prior,D4_consistencia,5.0
GT-069,LLM_prior,no_evaluable,0.0
GT-070,LLM_prior,D1_imryd_conclusiones,1.0
GT-070,LLM_prior,D1_imryd_metodologia,1.0
GT-070,LLM_prior,D1_imryd_objetivo,1.0
GT-070,LLM_prior,D1_imryd_resultados,1.0
GT-070,LLM_prior,D1_orden_logico,1.0
GT-070,LLM_prior,D2_coherencia,5.0
GT-070,LLM_prior,D3_conclusion_responde,1.0
GT-070,LLM_prior,D3_contextualizacion,0.0
GT-070,LLM_prior,D3_metodo_detallado,1.0
GT-070,LLM_prior,D3_resultados_concretos,1.0
GT-070,LLM_prior,D4_consistencia,5.0
GT-070,LLM_prior,no_evaluable,0.0
GT-071,LLM_prior,D1_imryd_conclusiones,1.0
GT-071,LLM_prior,D1_imryd_metodologia,1.0
GT-071,LLM_prior,D1_imryd_objetivo,1.0
GT-071,LLM_prior,D1_imryd_resultados,1.0
GT-071,LLM_prior,D1_orden_logico,1.0
GT-071,LLM_prior,D2_coherencia,2.0
GT-071,LLM_prior,D3_conclusion_responde,1.0
GT-071,LLM_prior,D3_contextualizacion,1.0
GT-071,LLM_prior,D3_metodo_detallado,1.0
GT-071,LLM_prior,D3_resultados_concretos,1.0
GT-071,LLM_prior,D4_consistencia,4.0
GT-071,LLM_prior,no_evaluable,0.0
GT-072,LLM_prior,D1_imryd_conclusiones,1.0
GT-072,LLM_prior,D1_imryd_metodologia,1.0
GT-072,LLM_prior,D1_imryd_objetivo,1.0
GT-072,LLM_prior,D1_imryd_resultados,1.0
GT-072,LLM_prior,D1_orden_logico,1.0
GT-072,LLM_prior,D2_coherencia,4.0
GT-072,LLM_prior,D3_conclusion_responde,1.0
GT-072,LLM_prior,D3_contextualizacion,0.0
GT-072,LLM_prior,D3_metodo_detallado,1.0
GT-072,LLM_prior,D3_resultados_concretos,1.0
GT-072,LLM_prior,D4_consistencia,5.0
GT-072,LLM_prior,no_evaluable,0.0
GT-073,LLM_prior,D1_imryd_conclusiones,1.0
GT-073,LLM_prior,D1_imryd_metodologia,1.0
GT-073,LLM_prior,D1_imryd_objetivo,1.0
GT-073,LLM_prior,D1_imryd_resultados,1.0
GT-073,LLM_prior,D1_orden_logico,1.0
GT-073,LLM_prior,D2_coherencia,4.0
GT-073,LLM_prior,D3_conclusion_responde,1.0
GT-073,LLM_prior,D3_contextualizacion,1.0
GT-073,LLM_prior,D3_metodo_detallado,1.0
GT-073,LLM_prior,D3_resultados_concretos,1.0
GT-073,LLM_prior,D4_consistencia,5.0
GT-073,LLM_prior,no_evaluable,0.0
GT-074,LLM_prior,D1_imryd_conclusiones,1.0
GT-074,LLM_prior,D1_imryd_metodologia,1.0
GT-074,LLM_prior,D1_imryd_objetivo,1.0
GT-074,LLM_prior,D1_imryd_resultados,1.0
GT-074,LLM_prior,D1_orden_logico,1.0
GT-074,LLM_prior,D2_coherencia,2.0
GT-074,LLM_prior,D3_conclusion_responde,1.0
GT-074,LLM_prior,D3_contextualizacion,1.0
GT-074,LLM_prior,D3_metodo_detallado,1.0
GT-074,LLM_prior,D3_resultados_concretos,0.0
GT-074,LLM_prior,D4_consistencia,5.0
GT-074,LLM_prior,no_evaluable,0.0
GT-075,LLM_prior,D1_imryd_conclusiones,0.0
GT-075,LLM_prior,D1_imryd_metodologia,1.0
GT-075,LLM_prior,D1_imryd_objetivo,1.0
GT-075,LLM_prior,D1_imryd_resultados,0.0
GT-075,LLM_prior,D1_orden_logico,1.0
GT-075,LLM_prior,D2_coherencia,2.0
GT-075,LLM_prior,D3_conclusion_responde,0.0
GT-075,LLM_prior,D3_contextualizacion,0.0
GT-075,LLM_prior,D3_metodo_detallado,0.0
GT-075,LLM_prior,D3_resultados_concretos,0.0
GT-075,LLM_prior,D4_consistencia,2.0
GT-075,LLM_prior,no_evaluable,0.0
GT-076,LLM_prior,D1_imryd_conclusiones,0.0
GT-076,LLM_prior,D1_imryd_metodologia,0.0
GT-076,LLM_prior,D1_imryd_objetivo,1.0
GT-076,LLM_prior,D1_imryd_resultados,0.0
GT-076,LLM_prior,D1_orden_logico,0.0
GT-076,LLM_prior,D2_coherencia,3.0
GT-076,LLM_prior,D3_conclusion_responde,0.0
GT-076,LLM_prior,D3_contextualizacion,1.0
GT-076,LLM_prior,D3_metodo_detallado,0.0
GT-076,LLM_prior,D3_resultados_concretos,0.0
GT-076,LLM_prior,no_evaluable,1.0
GT-077,LLM_prior,D1_imryd_conclusiones,0.0
GT-077,LLM_prior,D1_imryd_metodologia,1.0
GT-077,LLM_prior,D1_imryd_objetivo,1.0
GT-077,LLM_prior,D1_imryd_resultados,1.0
GT-077,LLM_prior,D1_orden_logico,1.0
GT-077,LLM_prior,D2_coherencia,5.0
GT-077,LLM_prior,D3_conclusion_responde,0.0
GT-077,LLM_prior,D3_contextualizacion,0.0
GT-077,LLM_prior,D3_metodo_detallado,1.0
GT-077,LLM_prior,D3_resultados_concretos,1.0
GT-077,LLM_prior,D4_consistencia,4.0
GT-077,LLM_prior,no_evaluable,0.0
GT-078,LLM_prior,D1_imryd_conclusiones,0.0
GT-078,LLM_prior,D1_imryd_metodologia,1.0
GT-078,LLM_prior,D1_imryd_objetivo,1.0
GT-078,LLM_prior,D1_imryd_resultados,1.0
GT-078,LLM_prior,D1_orden_logico,1.0
GT-078,LLM_prior,D2_coherencia,3.0
GT-078,LLM_prior,D3_conclusion_responde,0.0
GT-078,LLM_prior,D3_contextualizacion,0.0
GT-078,LLM_prior,D3_metodo_detallado,1.0
GT-078,LLM_prior,D3_resultados_concretos,1.0
GT-078,LLM_prior,D4_consistencia,4.0
GT-078,LLM_prior,no_evaluable,0.0
GT-079,LLM_prior,D1_imryd_conclusiones,1.0
GT-079,LLM_prior,D1_imryd_metodologia,1.0
GT-079,LLM_prior,D1_imryd_objetivo,1.0
GT-079,LLM_prior,D1_imryd_resultados,1.0
GT-079,LLM_prior,D1_orden_logico,1.0
GT-079,LLM_prior,D2_coherencia,3.0
GT-079,LLM_prior,D3_conclusion_responde,1.0
GT-079,LLM_prior,D3_contextualizacion,0.0
GT-079,LLM_prior,D3_metodo_detallado,1.0
GT-079,LLM_prior,D3_resultados_concretos,1.0
GT-079,LLM_prior,D4_consistencia,4.0
GT-079,LLM_prior,no_evaluable,0.0
GT-080,LLM_prior,D1_imryd_conclusiones,1.0
GT-080,LLM_prior,D1_imryd_metodologia,1.0
GT-080,LLM_prior,D1_imryd_objetivo,1.0
GT-080,LLM_prior,D1_imryd_resultados,1.0
GT-080,LLM_prior,D1_orden_logico,1.0
GT-080,LLM_prior,D2_coherencia,5.0
GT-080,LLM_prior,D3_conclusion_responde,1.0
GT-080,LLM_prior,D3_contextualizacion,0.0
GT-080,LLM_prior,D3_metodo_detallado,1.0
GT-080,LLM_prior,D3_resultados_concretos,1.0
GT-080,LLM_prior,D4_consistencia,5.0
GT-080,LLM_prior,no_evaluable,0.0
GT-081,LLM_prior,D1_imryd_conclusiones,0.0
GT-081,LLM_prior,D1_imryd_metodologia,1.0
GT-081,LLM_prior,D1_imryd_objetivo,1.0
GT-081,LLM_prior,D1_imryd_resultados,1.0
GT-081,LLM_prior,D1_orden_logico,1.0
GT-081,LLM_prior,D2_coherencia,1.0
GT-081,LLM_prior,D3_conclusion_responde,0.0
GT-081,LLM_prior,D3_contextualizacion,1.0
GT-081,LLM_prior,D3_metodo_detallado,0.0
GT-081,LLM_prior,D3_resultados_concretos,1.0
GT-081,LLM_prior,D4_consistencia,2.0
GT-081,LLM_prior,no_evaluable,0.0
GT-082,LLM_prior,D1_imryd_conclusiones,0.0
GT-082,LLM_prior,D1_imryd_metodologia,1.0
GT-082,LLM_prior,D1_imryd_objetivo,1.0
GT-082,LLM_prior,D1_imryd_resultados,1.0
GT-082,LLM_prior,D1_orden_logico,1.0
GT-082,LLM_prior,D2_coherencia,4.0
GT-082,LLM_prior,D3_conclusion_responde,0.0
GT-082,LLM_prior,D3_contextualizacion,0.0
GT-082,LLM_prior,D3_metodo_detallado,1.0
GT-082,LLM_prior,D3_resultados_concretos,1.0
GT-082,LLM_prior,D4_consistencia,3.0
GT-082,LLM_prior,no_evaluable,0.0
GT-083,LLM_prior,D1_imryd_conclusiones,0.0
GT-083,LLM_prior,D1_imryd_metodologia,1.0
GT-083,LLM_prior,D1_imryd_objetivo,1.0
GT-083,LLM_prior,D1_imryd_resultados,1.0
GT-083,LLM_prior,D1_orden_logico,1.0
GT-083,LLM_prior,D2_coherencia,4.0
GT-083,LLM_prior,D3_conclusion_responde,0.0
GT-083,LLM_prior,D3_contextualizacion,0.0
GT-083,LLM_prior,D3_metodo_detallado,1.0
GT-083,LLM_prior,D3_resultados_concretos,1.0
GT-083,LLM_prior,D4_consistencia,4.0
GT-083,LLM_prior,no_evaluable,0.0
GT-084,LLM_prior,D1_imryd_conclusiones,1.0
GT-084,LLM_prior,D1_imryd_metodologia,1.0
GT-084,LLM_prior,D1_imryd_objetivo,1.0
GT-084,LLM_prior,D1_imryd_resultados,1.0
GT-084,LLM_prior,D1_orden_logico,1.0
GT-084,LLM_prior,D2_coherencia,3.0
GT-084,LLM_prior,D3_conclusion_responde,1.0
GT-084,LLM_prior,D3_contextualizacion,0.0
GT-084,LLM_prior,D3_metodo_detallado,1.0
GT-084,LLM_prior,D3_resultados_concretos,1.0
GT-084,LLM_prior,D4_consistencia,5.0
GT-084,LLM_prior,no_evaluable,0.0
GT-085,LLM_prior,D1_imryd_conclusiones,1.0
GT-085,LLM_prior,D1_imryd_metodologia,1.0
GT-085,LLM_prior,D1_imryd_objetivo,1.0
GT-085,LLM_prior,D1_imryd_resultados,1.0
GT-085,LLM_prior,D1_orden_logico,1.0
GT-085,LLM_prior,D2_coherencia,4.0
GT-085,LLM_prior,D3_conclusion_responde,1.0
GT-085,LLM_prior,D3_contextualizacion,1.0
GT-085,LLM_prior,D3_metodo_detallado,1.0
GT-085,LLM_prior,D3_resultados_concretos,1.0
GT-085,LLM_prior,D4_consistencia,5.0
GT-085,LLM_prior,no_evaluable,0.0
GT-086,LLM_prior,D1_imryd_conclusiones,0.0
GT-086,LLM_prior,D1_imryd_metodologia,1.0
GT-086,LLM_prior,D1_imryd_objetivo,1.0
GT-086,LLM_prior,D1_imryd_resultados,0.0
GT-086,LLM_prior,D1_orden_logico,1.0
GT-086,LLM_prior,D2_coherencia,1.0
GT-086,LLM_prior,D3_conclusion_responde,0.0
GT-086,LLM_prior,D3_contextualizacion,0.0
GT-086,LLM_prior,D3_metodo_detallado,1.0
GT-086,LLM_prior,D3_resultados_concretos,0.0
GT-086,LLM_prior,D4_consistencia,1.0
GT-086,LLM_prior,no_evaluable,0.0
GT-087,LLM_prior,D1_imryd_conclusiones,1.0
GT-087,LLM_prior,D1_imryd_metodologia,1.0
GT-087,LLM_prior,D1_imryd_objetivo,1.0
GT-087,LLM_prior,D1_imryd_resultados,1.0
GT-087,LLM_prior,D1_orden_logico,1.0
GT-087,LLM_prior,D2_coherencia,2.0
GT-087,LLM_prior,D3_conclusion_responde,1.0
GT-087,LLM_prior,D3_contextualizacion,0.0
GT-087,LLM_prior,D3_metodo_detallado,0.0
GT-087,LLM_prior,D3_resultados_concretos,0.0
GT-087,LLM_prior,D4_consistencia,4.0
GT-087,LLM_prior,no_evaluable,0.0
GT-088,LLM_prior,D1_imryd_conclusiones,1.0
GT-088,LLM_prior,D1_imryd_metodologia,1.0
GT-088,LLM_prior,D1_imryd_objetivo,1.0
GT-088,LLM_prior,D1_imryd_resultados,1.0
GT-088,LLM_prior,D1_orden_logico,1.0
GT-088,LLM_prior,D2_coherencia,4.0
GT-088,LLM_prior,D3_conclusion_responde,1.0
GT-088,LLM_prior,D3_contextualizacion,0.0
GT-088,LLM_prior,D3_metodo_detallado,1.0
GT-088,LLM_prior,D3_resultados_concretos,1.0
GT-088,LLM_prior,D4_consistencia,5.0
GT-088,LLM_prior,no_evaluable,0.0
GT-089,LLM_prior,D1_imryd_conclusiones,1.0
GT-089,LLM_prior,D1_imryd_metodologia,1.0
GT-089,LLM_prior,D1_imryd_objetivo,1.0
GT-089,LLM_prior,D1_imryd_resultados,1.0
GT-089,LLM_prior,D1_orden_logico,1.0
GT-089,LLM_prior,D2_coherencia,2.0
GT-089,LLM_prior,D3_conclusion_responde,1.0
GT-089,LLM_prior,D3_contextualizacion,1.0
GT-089,LLM_prior,D3_metodo_detallado,0.0
GT-089,LLM_prior,D3_resultados_concretos,0.0
GT-089,LLM_prior,D4_consistencia,3.0
GT-089,LLM_prior,no_evaluable,0.0
GT-090,LLM_prior,D1_imryd_conclusiones,1.0
GT-090,LLM_prior,D1_imryd_metodologia,1.0
GT-090,LLM_prior,D1_imryd_objetivo,1.0
GT-090,LLM_prior,D1_imryd_resultados,1.0
GT-090,LLM_prior,D1_orden_logico,1.0
GT-090,LLM_prior,D2_coherencia,2.0
GT-090,LLM_prior,D3_conclusion_responde,1.0
GT-090,LLM_prior,D3_contextualizacion,0.0
GT-090,LLM_prior,D3_metodo_detallado,1.0
GT-090,LLM_prior,D3_resultados_concretos,1.0
GT-090,LLM_prior,D4_consistencia,2.0
GT-090,LLM_prior,no_evaluable,0.0
GT-091,LLM_prior,D1_imryd_conclusiones,0.0
GT-091,LLM_prior,D1_imryd_metodologia,1.0
GT-091,LLM_prior,D1_imryd_objetivo,1.0
GT-091,LLM_prior,D1_imryd_resultados,0.0
GT-091,LLM_prior,D1_orden_logico,1.0
GT-091,LLM_prior,D2_coherencia,4.0
GT-091,LLM_prior,D3_conclusion_responde,0.0
GT-091,LLM_prior,D3_contextualizacion,1.0
GT-091,LLM_prior,D3_metodo_detallado,1.0
GT-091,LLM_prior,D3_resultados_concretos,0.0
GT-091,LLM_prior,D4_consistencia,4.0
GT-091,LLM_prior,no_evaluable,0.0
GT-092,LLM_prior,D1_imryd_conclusiones,0.0
GT-092,LLM_prior,D1_imryd_metodologia,0.0
GT-092,LLM_prior,D1_imryd_objetivo,1.0
GT-092,LLM_prior,D1_imryd_resultados,0.0
GT-092,LLM_prior,D1_orden_logico,0.0
GT-092,LLM_prior,D2_coherencia,3.0
GT-092,LLM_prior,D3_conclusion_responde,0.0
GT-092,LLM_prior,D3_contextualizacion,1.0
GT-092,LLM_prior,D3_metodo_detallado,0.0
GT-092,LLM_prior,D3_resultados_concretos,0.0
GT-092,LLM_prior,no_evaluable,1.0
GT-093,LLM_prior,D1_imryd_conclusiones,1.0
GT-093,LLM_prior,D1_imryd_metodologia,1.0
GT-093,LLM_prior,D1_imryd_objetivo,1.0
GT-093,LLM_prior,D1_imryd_resultados,1.0
GT-093,LLM_prior,D1_orden_logico,1.0
GT-093,LLM_prior,D2_coherencia,4.0
GT-093,LLM_prior,D3_conclusion_responde,1.0
GT-093,LLM_prior,D3_contextualizacion,1.0
GT-093,LLM_prior,D3_metodo_detallado,1.0
GT-093,LLM_prior,D3_resultados_concretos,1.0
GT-093,LLM_prior,D4_consistencia,4.0
GT-093,LLM_prior,no_evaluable,0.0
GT-094,LLM_prior,no_evaluable,1.0
GT-095,LLM_prior,D1_imryd_conclusiones,1.0
GT-095,LLM_prior,D1_imryd_metodologia,1.0
GT-095,LLM_prior,D1_imryd_objetivo,1.0
GT-095,LLM_prior,D1_imryd_resultados,0.0
GT-095,LLM_prior,D1_orden_logico,1.0
GT-095,LLM_prior,D2_coherencia,4.0
GT-095,LLM_prior,D3_conclusion_responde,1.0
GT-095,LLM_prior,D3_contextualizacion,0.0
GT-095,LLM_prior,D3_metodo_detallado,1.0
GT-095,LLM_prior,D3_resultados_concretos,0.0
GT-095,LLM_prior,D4_consistencia,2.0
GT-095,LLM_prior,no_evaluable,0.0
GT-096,LLM_prior,D1_imryd_conclusiones,1.0
GT-096,LLM_prior,D1_imryd_metodologia,0.0
GT-096,LLM_prior,D1_imryd_objetivo,1.0
GT-096,LLM_prior,D1_imryd_resultados,1.0
GT-096,LLM_prior,D1_orden_logico,1.0
GT-096,LLM_prior,D2_coherencia,4.0
GT-096,LLM_prior,D3_conclusion_responde,1.0
GT-096,LLM_prior,D3_contextualizacion,0.0
GT-096,LLM_prior,D3_metodo_detallado,0.0
GT-096,LLM_prior,D3_resultados_concretos,1.0
GT-096,LLM_prior,no_evaluable,1.0
GT-097,LLM_prior,D1_imryd_conclusiones,1.0
GT-097,LLM_prior,D1_imryd_metodologia,1.0
GT-097,LLM_prior,D1_imryd_objetivo,1.0
GT-097,LLM_prior,D1_imryd_resultados,1.0
GT-097,LLM_prior,D1_orden_logico,1.0
GT-097,LLM_prior,D2_coherencia,4.0
GT-097,LLM_prior,D3_conclusion_responde,1.0
GT-097,LLM_prior,D3_contextualizacion,0.0
GT-097,LLM_prior,D3_metodo_detallado,1.0
GT-097,LLM_prior,D3_resultados_concretos,1.0
GT-097,LLM_prior,D4_consistencia,3.0
GT-097,LLM_prior,no_evaluable,0.0
GT-098,LLM_prior,D1_imryd_conclusiones,1.0
GT-098,LLM_prior,D1_imryd_metodologia,1.0
GT-098,LLM_prior,D1_imryd_objetivo,1.0
GT-098,LLM_prior,D1_imryd_resultados,1.0
GT-098,LLM_prior,D1_orden_logico,1.0
GT-098,LLM_prior,D2_coherencia,4.0
GT-098,LLM_prior,D3_conclusion_responde,1.0
GT-098,LLM_prior,D3_contextualizacion,0.0
GT-098,LLM_prior,D3_metodo_detallado,1.0
GT-098,LLM_prior,D3_resultados_concretos,1.0
GT-098,LLM_prior,D4_consistencia,5.0
GT-098,LLM_prior,no_evaluable,0.0
GT-099,LLM_prior,D1_imryd_conclusiones,1.0
GT-099,LLM_prior,D1_imryd_metodologia,1.0
GT-099,LLM_prior,D1_imryd_objetivo,1.0
GT-099,LLM_prior,D1_imryd_resultados,1.0
GT-099,LLM_prior,D1_orden_logico,1.0
GT-099,LLM_prior,D2_coherencia,3.0
GT-099,LLM_prior,D3_conclusion_responde,1.0
GT-099,LLM_prior,D3_contextualizacion,0.0
GT-099,LLM_prior,D3_metodo_detallado,1.0
GT-099,LLM_prior,D3_resultados_concretos,1.0
GT-099,LLM_prior,D4_consistencia,4.0
GT-099,LLM_prior,no_evaluable,0.0
GT-100,LLM_prior,D1_imryd_conclusiones,0.0
GT-100,LLM_prior,D1_imryd_metodologia,1.0
GT-100,LLM_prior,D1_imryd_objetivo,1.0
GT-100,LLM_prior,D1_imryd_resultados,1.0
GT-100,LLM_prior,D1_orden_logico,1.0
GT-100,LLM_prior,D2_coherencia,2.0
GT-100,LLM_prior,D3_conclusion_responde,0.0
GT-100,LLM_prior,D3_contextualizacion,0.0
GT-100,LLM_prior,D3_metodo_detallado,1.0
GT-100,LLM_prior,D3_resultados_concretos,1.0
GT-100,LLM_prior,D4_consistencia,3.0
GT-100,LLM_prior,no_evaluable,0.0
GT-101,LLM_prior,D1_imryd_conclusiones,1.0
GT-101,LLM_prior,D1_imryd_metodologia,1.0
GT-101,LLM_prior,D1_imryd_objetivo,1.0
GT-101,LLM_prior,D1_imryd_resultados,1.0
GT-101,LLM_prior,D1_orden_logico,1.0
GT-101,LLM_prior,D2_coherencia,4.0
GT-101,LLM_prior,D3_conclusion_responde,1.0
GT-101,LLM_prior,D3_contextualizacion,0.0
GT-101,LLM_prior,D3_metodo_detallado,1.0
GT-101,LLM_prior,D3_resultados_concretos,1.0
GT-101,LLM_prior,D4_consistencia,5.0
GT-101,LLM_prior,no_evaluable,0.0
GT-102,LLM_prior,D1_imryd_conclusiones,1.0
GT-102,LLM_prior,D1_imryd_metodologia,1.0
GT-102,LLM_prior,D1_imryd_objetivo,1.0
GT-102,LLM_prior,D1_imryd_resultados,1.0
GT-102,LLM_prior,D1_orden_logico,1.0
GT-102,LLM_prior,D2_coherencia,3.0
GT-102,LLM_prior,D3_conclusion_responde,1.0
GT-102,LLM_prior,D3_contextualizacion,0.0
GT-102,LLM_prior,D3_metodo_detallado,1.0
GT-102,LLM_prior,D3_resultados_concretos,1.0
GT-102,LLM_prior,D4_consistencia,5.0
GT-102,LLM_prior,no_evaluable,0.0
GT-103,LLM_prior,D1_imryd_conclusiones,1.0
GT-103,LLM_prior,D1_imryd_metodologia,1.0
GT-103,LLM_prior,D1_imryd_objetivo,1.0
GT-103,LLM_prior,D1_imryd_resultados,1.0
GT-103,LLM_prior,D1_orden_logico,1.0
GT-103,LLM_prior,D2_coherencia,4.0
GT-103,LLM_prior,D3_conclusion_responde,1.0
GT-103,LLM_prior,D3_contextualizacion,0.0
GT-103,LLM_prior,D3_metodo_detallado,1.0
GT-103,LLM_prior,D3_resultados_concretos,1.0
GT-103,LLM_prior,D4_consistencia,3.0
GT-103,LLM_prior,no_evaluable,0.0
GT-104,LLM_prior,D1_imryd_conclusiones,0.0
GT-104,LLM_prior,D1_imryd_metodologia,1.0
GT-104,LLM_prior,D1_imryd_objetivo,1.0
GT-104,LLM_prior,D1_imryd_resultados,1.0
GT-104,LLM_prior,D1_orden_logico,0.0
GT-104,LLM_prior,D2_coherencia,1.0
GT-104,LLM_prior,D3_conclusion_responde,0.0
GT-104,LLM_prior,D3_contextualizacion,0.0
GT-104,LLM_prior,D3_metodo_detallado,1.0
GT-104,LLM_prior,D3_resultados_concretos,0.0
GT-104,LLM_prior,D4_consistencia,2.0
GT-104,LLM_prior,no_evaluable,0.0
GT-105,LLM_prior,D1_imryd_conclusiones,1.0
GT-105,LLM_prior,D1_imryd_metodologia,1.0
GT-105,LLM_prior,D1_imryd_objetivo,1.0
GT-105,LLM_prior,D1_imryd_resultados,1.0
GT-105,LLM_prior,D1_orden_logico,1.0
GT-105,LLM_prior,D2_coherencia,3.0
GT-105,LLM_prior,D3_conclusion_responde,1.0
GT-105,LLM_prior,D3_contextualizacion,0.0
GT-105,LLM_prior,D3_metodo_detallado,1.0
GT-105,LLM_prior,D3_resultados_concretos,1.0
GT-105,LLM_prior,D4_consistencia,3.0
GT-105,LLM_prior,no_evaluable,0.0
GT-106,LLM_prior,D1_imryd_conclusiones,0.0
GT-106,LLM_prior,D1_imryd_metodologia,1.0
GT-106,LLM_prior,D1_imryd_objetivo,1.0
GT-106,LLM_prior,D1_imryd_resultados,1.0
GT-106,LLM_prior,D1_orden_logico,1.0
GT-106,LLM_prior,D2_coherencia,4.0
GT-106,LLM_prior,D3_conclusion_responde,0.0
GT-106,LLM_prior,D3_contextualizacion,1.0
GT-106,LLM_prior,D3_metodo_detallado,0.0
GT-106,LLM_prior,D3_resultados_concretos,0.0
GT-106,LLM_prior,D4_consistencia,2.0
GT-106,LLM_prior,no_evaluable,0.0
GT-107,LLM_prior,D1_imryd_conclusiones,1.0
GT-107,LLM_prior,D1_imryd_metodologia,1.0
GT-107,LLM_prior,D1_imryd_objetivo,1.0
GT-107,LLM_prior,D1_imryd_resultados,1.0
GT-107,LLM_prior,D1_orden_logico,1.0
GT-107,LLM_prior,D2_coherencia,4.0
GT-107,LLM_prior,D3_conclusion_responde,1.0
GT-107,LLM_prior,D3_contextualizacion,0.0
GT-107,LLM_prior,D3_metodo_detallado,1.0
GT-107,LLM_prior,D3_resultados_concretos,1.0
GT-107,LLM_prior,D4_consistencia,2.0
GT-107,LLM_prior,no_evaluable,0.0
GT-108,LLM_prior,D1_imryd_conclusiones,1.0
GT-108,LLM_prior,D1_imryd_metodologia,1.0
GT-108,LLM_prior,D1_imryd_objetivo,1.0
GT-108,LLM_prior,D1_imryd_resultados,0.0
GT-108,LLM_prior,D1_orden_logico,1.0
GT-108,LLM_prior,D2_coherencia,4.0
GT-108,LLM_prior,D3_conclusion_responde,0.0
GT-108,LLM_prior,D3_contextualizacion,1.0
GT-108,LLM_prior,D3_metodo_detallado,1.0
GT-108,LLM_prior,D3_resultados_concretos,0.0
GT-108,LLM_prior,D4_consistencia,3.0
GT-108,LLM_prior,no_evaluable,0.0
GT-109,LLM_prior,D1_imryd_conclusiones,0.0
GT-109,LLM_prior,D1_imryd_metodologia,1.0
GT-109,LLM_prior,D1_imryd_objetivo,1.0
GT-109,LLM_prior,D1_imryd_resultados,1.0
GT-109,LLM_prior,D1_orden_logico,1.0
GT-109,LLM_prior,D2_coherencia,4.0
GT-109,LLM_prior,D3_conclusion_responde,0.0
GT-109,LLM_prior,D3_contextualizacion,0.0
GT-109,LLM_prior,D3_metodo_detallado,1.0
GT-109,LLM_prior,D3_resultados_concretos,1.0
GT-109,LLM_prior,D4_consistencia,4.0
GT-109,LLM_prior,no_evaluable,0.0
GT-110,LLM_prior,D1_imryd_conclusiones,0.0
GT-110,LLM_prior,D1_imryd_metodologia,1.0
GT-110,LLM_prior,D1_imryd_objetivo,1.0
GT-110,LLM_prior,D1_imryd_resultados,1.0
GT-110,LLM_prior,D1_orden_logico,1.0
GT-110,LLM_prior,D2_coherencia,3.0
GT-110,LLM_prior,D3_conclusion_responde,0.0
GT-110,LLM_prior,D3_contextualizacion,0.0
GT-110,LLM_prior,D3_metodo_detallado,1.0
GT-110,LLM_prior,D3_resultados_concretos,1.0
GT-110,LLM_prior,D4_consistencia,4.0
GT-110,LLM_prior,no_evaluable,0.0
GT-111,LLM_prior,D1_imryd_conclusiones,1.0
GT-111,LLM_prior,D1_imryd_metodologia,1.0
GT-111,LLM_prior,D1_imryd_objetivo,1.0
GT-111,LLM_prior,D1_imryd_resultados,1.0
GT-111,LLM_prior,D1_orden_logico,1.0
GT-111,LLM_prior,D2_coherencia,4.0
GT-111,LLM_prior,D3_conclusion_responde,1.0
GT-111,LLM_prior,D3_contextualizacion,1.0
GT-111,LLM_prior,D3_metodo_detallado,1.0
GT-111,LLM_prior,D3_resultados_concretos,1.0
GT-111,LLM_prior,D4_consistencia,5.0
GT-111,LLM_prior,no_evaluable,0.0
GT-112,LLM_prior,D1_imryd_conclusiones,1.0
GT-112,LLM_prior,D1_imryd_metodologia,1.0
GT-112,LLM_prior,D1_imryd_objetivo,1.0
GT-112,LLM_prior,D1_imryd_resultados,1.0
GT-112,LLM_prior,D1_orden_logico,1.0
GT-112,LLM_prior,D2_coherencia,5.0
GT-112,LLM_prior,D3_conclusion_responde,1.0
GT-112,LLM_prior,D3_contextualizacion,1.0
GT-112,LLM_prior,D3_metodo_detallado,1.0
GT-112,LLM_prior,D3_resultados_concretos,1.0
GT-112,LLM_prior,D4_consistencia,5.0
GT-112,LLM_prior,no_evaluable,0.0
GT-113,LLM_prior,D1_imryd_conclusiones,1.0
GT-113,LLM_prior,D1_imryd_metodologia,1.0
GT-113,LLM_prior,D1_imryd_objetivo,1.0
GT-113,LLM_prior,D1_imryd_resultados,1.0
GT-113,LLM_prior,D1_orden_logico,1.0
GT-113,LLM_prior,D2_coherencia,4.0
GT-113,LLM_prior,D3_conclusion_responde,1.0
GT-113,LLM_prior,D3_contextualizacion,1.0
GT-113,LLM_prior,D3_metodo_detallado,1.0
GT-113,LLM_prior,D3_resultados_concretos,1.0
GT-113,LLM_prior,D4_consistencia,5.0
GT-113,LLM_prior,no_evaluable,0.0
GT-114,LLM_prior,D1_imryd_conclusiones,1.0
GT-114,LLM_prior,D1_imryd_metodologia,1.0
GT-114,LLM_prior,D1_imryd_objetivo,1.0
GT-114,LLM_prior,D1_imryd_resultados,1.0
GT-114,LLM_prior,D1_orden_logico,1.0
GT-114,LLM_prior,D2_coherencia,2.0
GT-114,LLM_prior,D3_conclusion_responde,1.0
GT-114,LLM_prior,D3_contextualizacion,0.0
GT-114,LLM_prior,D3_metodo_detallado,1.0
GT-114,LLM_prior,D3_resultados_concretos,1.0
GT-114,LLM_prior,D4_consistencia,4.0
GT-114,LLM_prior,no_evaluable,0.0
GT-115,LLM_prior,D1_imryd_conclusiones,0.0
GT-115,LLM_prior,D1_imryd_metodologia,0.0
GT-115,LLM_prior,D1_imryd_objetivo,1.0
GT-115,LLM_prior,D1_imryd_resultados,0.0
GT-115,LLM_prior,D1_orden_logico,0.0
GT-115,LLM_prior,D2_coherencia,2.0
GT-115,LLM_prior,D3_conclusion_responde,0.0
GT-115,LLM_prior,D3_contextualizacion,1.0
GT-115,LLM_prior,D3_metodo_detallado,0.0
GT-115,LLM_prior,D3_resultados_concretos,0.0
GT-115,LLM_prior,no_evaluable,1.0
GT-116,LLM_prior,D1_imryd_conclusiones,0.0
GT-116,LLM_prior,D1_imryd_metodologia,1.0
GT-116,LLM_prior,D1_imryd_objetivo,1.0
GT-116,LLM_prior,D1_imryd_resultados,1.0
GT-116,LLM_prior,D1_orden_logico,1.0
GT-116,LLM_prior,D2_coherencia,2.0
GT-116,LLM_prior,D3_conclusion_responde,0.0
GT-116,LLM_prior,D3_contextualizacion,0.0
GT-116,LLM_prior,D3_metodo_detallado,1.0
GT-116,LLM_prior,D3_resultados_concretos,1.0
GT-116,LLM_prior,D4_consistencia,3.0
GT-116,LLM_prior,no_evaluable,0.0
GT-117,LLM_prior,D1_imryd_conclusiones,1.0
GT-117,LLM_prior,D1_imryd_metodologia,1.0
GT-117,LLM_prior,D1_imryd_objetivo,1.0
GT-117,LLM_prior,D1_imryd_resultados,1.0
GT-117,LLM_prior,D1_orden_logico,1.0
GT-117,LLM_prior,D2_coherencia,4.0
GT-117,LLM_prior,D3_conclusion_responde,1.0
GT-117,LLM_prior,D3_contextualizacion,1.0
GT-117,LLM_prior,D3_metodo_detallado,1.0
GT-117,LLM_prior,D3_resultados_concretos,1.0
GT-117,LLM_prior,D4_consistencia,3.0
GT-117,LLM_prior,no_evaluable,0.0
GT-118,LLM_prior,D1_imryd_conclusiones,0.0
GT-118,LLM_prior,D1_imryd_metodologia,1.0
GT-118,LLM_prior,D1_imryd_objetivo,1.0
GT-118,LLM_prior,D1_imryd_resultados,1.0
GT-118,LLM_prior,D1_orden_logico,1.0
GT-118,LLM_prior,D2_coherencia,2.0
GT-118,LLM_prior,D3_conclusion_responde,0.0
GT-118,LLM_prior,D3_contextualizacion,0.0
GT-118,LLM_prior,D3_metodo_detallado,1.0
GT-118,LLM_prior,D3_resultados_concretos,0.0
GT-118,LLM_prior,D4_consistencia,1.0
GT-118,LLM_prior,no_evaluable,0.0
GT-119,LLM_prior,D1_imryd_conclusiones,1.0
GT-119,LLM_prior,D1_imryd_metodologia,0.0
GT-119,LLM_prior,D1_imryd_objetivo,1.0
GT-119,LLM_prior,D1_imryd_resultados,1.0
GT-119,LLM_prior,D1_orden_logico,1.0
GT-119,LLM_prior,D2_coherencia,3.0
GT-119,LLM_prior,D3_conclusion_responde,1.0
GT-119,LLM_prior,D3_contextualizacion,1.0
GT-119,LLM_prior,D3_metodo_detallado,0.0
GT-119,LLM_prior,D3_resultados_concretos,1.0
GT-119,LLM_prior,no_evaluable,1.0
GT-120,LLM_prior,D1_imryd_conclusiones,0.0
GT-120,LLM_prior,D1_imryd_metodologia,1.0
GT-120,LLM_prior,D1_imryd_objetivo,1.0
GT-120,LLM_prior,D1_imryd_resultados,0.0
GT-120,LLM_prior,D1_orden_logico,1.0
GT-120,LLM_prior,D2_coherencia,4.0
GT-120,LLM_prior,D3_conclusion_responde,0.0
GT-120,LLM_prior,D3_contextualizacion,0.0
GT-120,LLM_prior,D3_metodo_detallado,1.0
GT-120,LLM_prior,D3_resultados_concretos,0.0
GT-120,LLM_prior,D4_consistencia,4.0
GT-120,LLM_prior,no_evaluable,0.0
GT-121,LLM_prior,D1_imryd_conclusiones,1.0
GT-121,LLM_prior,D1_imryd_metodologia,1.0
GT-121,LLM_prior,D1_imryd_objetivo,1.0
GT-121,LLM_prior,D1_imryd_resultados,1.0
GT-121,LLM_prior,D1_orden_logico,1.0
GT-121,LLM_prior,D2_coherencia,2.0
GT-121,LLM_prior,D3_conclusion_responde,1.0
GT-121,LLM_prior,D3_contextualizacion,1.0
GT-121,LLM_prior,D3_metodo_detallado,0.0
GT-121,LLM_prior,D3_resultados_concretos,0.0
GT-121,LLM_prior,D4_consistencia,5.0
GT-121,LLM_prior,no_evaluable,0.0
GT-122,LLM_prior,D1_imryd_conclusiones,1.0
GT-122,LLM_prior,D1_imryd_metodologia,1.0
GT-122,LLM_prior,D1_imryd_objetivo,1.0
GT-122,LLM_prior,D1_imryd_resultados,1.0
GT-122,LLM_prior,D1_orden_logico,1.0
GT-122,LLM_prior,D2_coherencia,2.0
GT-122,LLM_prior,D3_conclusion_responde,1.0
GT-122,LLM_prior,D3_contextualizacion,1.0
GT-122,LLM_prior,D3_metodo_detallado,1.0
GT-122,LLM_prior,D3_resultados_concretos,1.0
GT-122,LLM_prior,D4_consistencia,4.0
GT-122,LLM_prior,no_evaluable,0.0
GT-123,LLM_prior,D1_imryd_conclusiones,1.0
GT-123,LLM_prior,D1_imryd_metodologia,1.0
GT-123,LLM_prior,D1_imryd_objetivo,1.0
GT-123,LLM_prior,D1_imryd_resultados,1.0
GT-123,LLM_prior,D1_orden_logico,1.0
GT-123,LLM_prior,D2_coherencia,5.0
GT-123,LLM_prior,D3_conclusion_responde,1.0
GT-123,LLM_prior,D3_contextualizacion,1.0
GT-123,LLM_prior,D3_metodo_detallado,1.0
GT-123,LLM_prior,D3_resultados_concretos,1.0
GT-123,LLM_prior,D4_consistencia,5.0
GT-123,LLM_prior,no_evaluable,0.0
GT-124,LLM_prior,D1_imryd_conclusiones,1.0
GT-124,LLM_prior,D1_imryd_metodologia,1.0
GT-124,LLM_prior,D1_imryd_objetivo,1.0
GT-124,LLM_prior,D1_imryd_resultados,1.0
GT-124,LLM_prior,D1_orden_logico,0.0
GT-124,LLM_prior,D2_coherencia,1.0
GT-124,LLM_prior,D3_conclusion_responde,1.0
GT-124,LLM_prior,D3_contextualizacion,1.0
GT-124,LLM_prior,D3_metodo_detallado,0.0
GT-124,LLM_prior,D3_resultados_concretos,1.0
GT-124,LLM_prior,D4_consistencia,3.0
GT-124,LLM_prior,no_evaluable,0.0
GT-125,LLM_prior,D1_imryd_conclusiones,1.0
GT-125,LLM_prior,D1_imryd_metodologia,1.0
GT-125,LLM_prior,D1_imryd_objetivo,1.0
GT-125,LLM_prior,D1_imryd_resultados,1.0
GT-125,LLM_prior,D1_orden_logico,1.0
GT-125,LLM_prior,D2_coherencia,5.0
GT-125,LLM_prior,D3_conclusion_responde,1.0
GT-125,LLM_prior,D3_contextualizacion,1.0
GT-125,LLM_prior,D3_metodo_detallado,1.0
GT-125,LLM_prior,D3_resultados_concretos,1.0
GT-125,LLM_prior,D4_consistencia,5.0
GT-125,LLM_prior,no_evaluable,0.0
GT-126,LLM_prior,D1_imryd_conclusiones,1.0
GT-126,LLM_prior,D1_imryd_metodologia,1.0
GT-126,LLM_prior,D1_imryd_objetivo,1.0
GT-126,LLM_prior,D1_imryd_resultados,1.0
GT-126,LLM_prior,D1_orden_logico,1.0
GT-126,LLM_prior,D2_coherencia,3.0
GT-126,LLM_prior,D3_conclusion_responde,1.0
GT-126,LLM_prior,D3_contextualizacion,0.0
GT-126,LLM_prior,D3_metodo_detallado,1.0
GT-126,LLM_prior,D3_resultados_concretos,1.0
GT-126,LLM_prior,D4_consistencia,5.0
GT-126,LLM_prior,no_evaluable,0.0
GT-127,LLM_prior,D1_imryd_conclusiones,1.0
GT-127,LLM_prior,D1_imryd_metodologia,1.0
GT-127,LLM_prior,D1_imryd_objetivo,1.0
GT-127,LLM_prior,D1_imryd_resultados,1.0
GT-127,LLM_prior,D1_orden_logico,1.0
GT-127,LLM_prior,D2_coherencia,3.0
GT-127,LLM_prior,D3_conclusion_responde,1.0
GT-127,LLM_prior,D3_contextualizacion,1.0
GT-127,LLM_prior,D3_metodo_detallado,1.0
GT-127,LLM_prior,D3_resultados_concretos,1.0
GT-127,LLM_prior,D4_consistencia,4.0
GT-127,LLM_prior,no_evaluable,0.0
GT-128,LLM_prior,D1_imryd_conclusiones,1.0
GT-128,LLM_prior,D1_imryd_metodologia,1.0
GT-128,LLM_prior,D1_imryd_objetivo,1.0
GT-128,LLM_prior,D1_imryd_resultados,1.0
GT-128,LLM_prior,D1_orden_logico,1.0
GT-128,LLM_prior,D2_coherencia,2.0
GT-128,LLM_prior,D3_conclusion_responde,1.0
GT-128,LLM_prior,D3_contextualizacion,0.0
GT-128,LLM_prior,D3_metodo_detallado,1.0
GT-128,LLM_prior,D3_resultados_concretos,1.0
GT-128,LLM_prior,D4_consistencia,1.0
GT-128,LLM_prior,no_evaluable,0.0
GT-129,LLM_prior,D1_imryd_conclusiones,1.0
GT-129,LLM_prior,D1_imryd_metodologia,1.0
GT-129,LLM_prior,D1_imryd_objetivo,1.0
GT-129,LLM_prior,D1_imryd_resultados,1.0
GT-129,LLM_prior,D1_orden_logico,1.0
GT-129,LLM_prior,D2_coherencia,2.0
GT-129,LLM_prior,D3_conclusion_responde,1.0
GT-129,LLM_prior,D3_contextualizacion,1.0
GT-129,LLM_prior,D3_metodo_detallado,1.0
GT-129,LLM_prior,D3_resultados_concretos,1.0
GT-129,LLM_prior,D4_consistencia,4.0
GT-129,LLM_prior,no_evaluable,0.0
GT-130,LLM_prior,D1_imryd_conclusiones,1.0
GT-130,LLM_prior,D1_imryd_metodologia,1.0
GT-130,LLM_prior,D1_imryd_objetivo,1.0
GT-130,LLM_prior,D1_imryd_resultados,1.0
GT-130,LLM_prior,D1_orden_logico,1.0
GT-130,LLM_prior,D2_coherencia,4.0
GT-130,LLM_prior,D3_conclusion_responde,1.0
GT-130,LLM_prior,D3_contextualizacion,0.0
GT-130,LLM_prior,D3_metodo_detallado,1.0
GT-130,LLM_prior,D3_resultados_concretos,1.0
GT-130,LLM_prior,D4_consistencia,3.0
GT-130,LLM_prior,no_evaluable,0.0
GT-131,LLM_prior,D1_imryd_conclusiones,0.0
GT-131,LLM_prior,D1_imryd_metodologia,1.0
GT-131,LLM_prior,D1_imryd_objetivo,1.0
GT-131,LLM_prior,D1_imryd_resultados,0.0
GT-131,LLM_prior,D1_orden_logico,1.0
GT-131,LLM_prior,D2_coherencia,4.0
GT-131,LLM_prior,D3_conclusion_responde,0.0
GT-131,LLM_prior,D3_contextualizacion,0.0
GT-131,LLM_prior,D3_metodo_detallado,1.0
GT-131,LLM_prior,D3_resultados_concretos,0.0
GT-131,LLM_prior,D4_consistencia,4.0
GT-131,LLM_prior,no_evaluable,0.0
GT-132,LLM_prior,D1_imryd_conclusiones,0.0
GT-132,LLM_prior,D1_imryd_metodologia,1.0
GT-132,LLM_prior,D1_imryd_objetivo,1.0
GT-132,LLM_prior,D1_imryd_resultados,1.0
GT-132,LLM_prior,D1_orden_logico,1.0
GT-132,LLM_prior,D2_coherencia,4.0
GT-132,LLM_prior,D3_conclusion_responde,0.0
GT-132,LLM_prior,D3_contextualizacion,1.0
GT-132,LLM_prior,D3_metodo_detallado,1.0
GT-132,LLM_prior,D3_resultados_concretos,1.0
GT-132,LLM_prior,D4_consistencia,4.0
GT-132,LLM_prior,no_evaluable,0.0
GT-133,LLM_prior,D1_imryd_conclusiones,1.0
GT-133,LLM_prior,D1_imryd_metodologia,1.0
GT-133,LLM_prior,D1_imryd_objetivo,1.0
GT-133,LLM_prior,D1_imryd_resultados,1.0
GT-133,LLM_prior,D1_orden_logico,1.0
GT-133,LLM_prior,D2_coherencia,4.0
GT-133,LLM_prior,D3_conclusion_responde,1.0
GT-133,LLM_prior,D3_contextualizacion,1.0
GT-133,LLM_prior,D3_metodo_detallado,1.0
GT-133,LLM_prior,D3_resultados_concretos,1.0
GT-133,LLM_prior,D4_consistencia,4.0
GT-133,LLM_prior,no_evaluable,0.0
GT-134,LLM_prior,D1_imryd_conclusiones,0.0
GT-134,LLM_prior,D1_imryd_metodologia,1.0
GT-134,LLM_prior,D1_imryd_objetivo,1.0
GT-134,LLM_prior,D1_imryd_resultados,0.0
GT-134,LLM_prior,D1_orden_logico,1.0
GT-134,LLM_prior,D2_coherencia,3.0
GT-134,LLM_prior,D3_conclusion_responde,0.0
GT-134,LLM_prior,D3_contextualizacion,1.0
GT-134,LLM_prior,D3_metodo_detallado,1.0
GT-134,LLM_prior,D3_resultados_concretos,0.0
GT-134,LLM_prior,D4_consistencia,2.0
GT-134,LLM_prior,no_evaluable,0.0
GT-135,LLM_prior,D1_imryd_conclusiones,1.0
GT-135,LLM_prior,D1_imryd_metodologia,1.0
GT-135,LLM_prior,D1_imryd_objetivo,1.0
GT-135,LLM_prior,D1_imryd_resultados,1.0
GT-135,LLM_prior,D1_orden_logico,1.0
GT-135,LLM_prior,D2_coherencia,3.0
GT-135,LLM_prior,D3_conclusion_responde,1.0
GT-135,LLM_prior,D3_contextualizacion,0.0
GT-135,LLM_prior,D3_metodo_detallado,1.0
GT-135,LLM_prior,D3_resultados_concretos,1.0
GT-135,LLM_prior,D4_consistencia,1.0
GT-135,LLM_prior,no_evaluable,0.0
GT-136,LLM_prior,D1_imryd_conclusiones,1.0
GT-136,LLM_prior,D1_imryd_metodologia,1.0
GT-136,LLM_prior,D1_imryd_objetivo,1.0
GT-136,LLM_prior,D1_imryd_resultados,1.0
GT-136,LLM_prior,D1_orden_logico,1.0
GT-136,LLM_prior,D2_coherencia,5.0
GT-136,LLM_prior,D3_conclusion_responde,1.0
GT-136,LLM_prior,D3_contextualizacion,0.0
GT-136,LLM_prior,D3_metodo_detallado,1.0
GT-136,LLM_prior,D3_resultados_concretos,1.0
GT-136,LLM_prior,D4_consistencia,5.0
GT-136,LLM_prior,no_evaluable,0.0
GT-137,LLM_prior,D1_imryd_conclusiones,0.0
GT-137,LLM_prior,D1_imryd_metodologia,1.0
GT-137,LLM_prior,D1_imryd_objetivo,1.0
GT-137,LLM_prior,D1_imryd_resultados,1.0
GT-137,LLM_prior,D1_orden_logico,1.0
GT-137,LLM_prior,D2_coherencia,2.0
GT-137,LLM_prior,D3_conclusion_responde,0.0
GT-137,LLM_prior,D3_contextualizacion,1.0
GT-137,LLM_prior,D3_metodo_detallado,1.0
GT-137,LLM_prior,D3_resultados_concretos,1.0
GT-137,LLM_prior,D4_consistencia,4.0
GT-137,LLM_prior,no_evaluable,0.0
GT-138,LLM_prior,D1_imryd_conclusiones,0.0
GT-138,LLM_prior,D1_imryd_metodologia,1.0
GT-138,LLM_prior,D1_imryd_objetivo,1.0
GT-138,LLM_prior,D1_imryd_resultados,1.0
GT-138,LLM_prior,D1_orden_logico,1.0
GT-138,LLM_prior,D2_coherencia,4.0
GT-138,LLM_prior,D3_conclusion_responde,0.0
GT-138,LLM_prior,D3_contextualizacion,1.0
GT-138,LLM_prior,D3_metodo_detallado,1.0
GT-138,LLM_prior,D3_resultados_concretos,1.0
GT-138,LLM_prior,D4_consistencia,4.0
GT-138,LLM_prior,no_evaluable,0.0
GT-139,LLM_prior,D1_imryd_conclusiones,1.0
GT-139,LLM_prior,D1_imryd_metodologia,1.0
GT-139,LLM_prior,D1_imryd_objetivo,1.0
GT-139,LLM_prior,D1_imryd_resultados,1.0
GT-139,LLM_prior,D1_orden_logico,1.0
GT-139,LLM_prior,D2_coherencia,4.0
GT-139,LLM_prior,D3_conclusion_responde,1.0
GT-139,LLM_prior,D3_contextualizacion,1.0
GT-139,LLM_prior,D3_metodo_detallado,1.0
GT-139,LLM_prior,D3_resultados_concretos,1.0
GT-139,LLM_prior,D4_consistencia,2.0
GT-139,LLM_prior,no_evaluable,0.0
GT-140,LLM_prior,D1_imryd_conclusiones,1.0
GT-140,LLM_prior,D1_imryd_metodologia,1.0
GT-140,LLM_prior,D1_imryd_objetivo,1.0
GT-140,LLM_prior,D1_imryd_resultados,1.0
GT-140,LLM_prior,D1_orden_logico,1.0
GT-140,LLM_prior,D2_coherencia,4.0
GT-140,LLM_prior,D3_conclusion_responde,1.0
GT-140,LLM_prior,D3_contextualizacion,0.0
GT-140,LLM_prior,D3_metodo_detallado,1.0
GT-140,LLM_prior,D3_resultados_concretos,1.0
GT-140,LLM_prior,D4_consistencia,4.0
GT-140,LLM_prior,no_evaluable,0.0
GT-141,LLM_prior,D1_imryd_conclusiones,0.0
GT-141,LLM_prior,D1_imryd_metodologia,1.0
GT-141,LLM_prior,D1_imryd_objetivo,1.0
GT-141,LLM_prior,D1_imryd_resultados,0.0
GT-141,LLM_prior,D1_orden_logico,1.0
GT-141,LLM_prior,D2_coherencia,3.0
GT-141,LLM_prior,D3_conclusion_responde,0.0
GT-141,LLM_prior,D3_contextualizacion,0.0
GT-141,LLM_prior,D3_metodo_detallado,1.0
GT-141,LLM_prior,D3_resultados_concretos,0.0
GT-141,LLM_prior,D4_consistencia,2.0
GT-141,LLM_prior,no_evaluable,0.0
GT-142,LLM_prior,D1_imryd_conclusiones,1.0
GT-142,LLM_prior,D1_imryd_metodologia,1.0
GT-142,LLM_prior,D1_imryd_objetivo,1.0
GT-142,LLM_prior,D1_imryd_resultados,1.0
GT-142,LLM_prior,D1_orden_logico,1.0
GT-142,LLM_prior,D2_coherencia,5.0
GT-142,LLM_prior,D3_conclusion_responde,1.0
GT-142,LLM_prior,D3_contextualizacion,1.0
GT-142,LLM_prior,D3_metodo_detallado,1.0
GT-142,LLM_prior,D3_resultados_concretos,1.0
GT-142,LLM_prior,D4_consistencia,5.0
GT-142,LLM_prior,no_evaluable,0.0
GT-143,LLM_prior,D1_imryd_conclusiones,1.0
GT-143,LLM_prior,D1_imryd_metodologia,1.0
GT-143,LLM_prior,D1_imryd_objetivo,1.0
GT-143,LLM_prior,D1_imryd_resultados,1.0
GT-143,LLM_prior,D1_orden_logico,1.0
GT-143,LLM_prior,D2_coherencia,3.0
GT-143,LLM_prior,D3_conclusion_responde,1.0
GT-143,LLM_prior,D3_contextualizacion,1.0
GT-143,LLM_prior,D3_metodo_detallado,1.0
GT-143,LLM_prior,D3_resultados_concretos,1.0
GT-143,LLM_prior,D4_consistencia,4.0
GT-143,LLM_prior,no_evaluable,0.0
GT-144,LLM_prior,D1_imryd_conclusiones,0.0
GT-144,LLM_prior,D1_imryd_metodologia,1.0
GT-144,LLM_prior,D1_imryd_objetivo,1.0
GT-144,LLM_prior,D1_imryd_resultados,1.0
GT-144,LLM_prior,D1_orden_logico,1.0
GT-144,LLM_prior,D2_coherencia,4.0
GT-144,LLM_prior,D3_conclusion_responde,0.0
GT-144,LLM_prior,D3_contextualizacion,1.0
GT-144,LLM_prior,D3_metodo_detallado,1.0
GT-144,LLM_prior,D3_resultados_concretos,1.0
GT-144,LLM_prior,D4_consistencia,4.0
GT-144,LLM_prior,no_evaluable,0.0
GT-145,LLM_prior,D1_imryd_conclusiones,1.0
GT-145,LLM_prior,D1_imryd_metodologia,1.0
GT-145,LLM_prior,D1_imryd_objetivo,1.0
GT-145,LLM_prior,D1_imryd_resultados,1.0
GT-145,LLM_prior,D1_orden_logico,1.0
GT-145,LLM_prior,D2_coherencia,2.0
GT-145,LLM_prior,D3_conclusion_responde,1.0
GT-145,LLM_prior,D3_contextualizacion,0.0
GT-145,LLM_prior,D3_metodo_detallado,1.0
GT-145,LLM_prior,D3_resultados_concretos,0.0
GT-145,LLM_prior,D4_consistencia,2.0
GT-145,LLM_prior,no_evaluable,0.0
GT-146,LLM_prior,D1_imryd_conclusiones,1.0
GT-146,LLM_prior,D1_imryd_metodologia,1.0
GT-146,LLM_prior,D1_imryd_objetivo,1.0
GT-146,LLM_prior,D1_imryd_resultados,1.0
GT-146,LLM_prior,D1_orden_logico,1.0
GT-146,LLM_prior,D2_coherencia,3.0
GT-146,LLM_prior,D3_conclusion_responde,1.0
GT-146,LLM_prior,D3_contextualizacion,1.0
GT-146,LLM_prior,D3_metodo_detallado,1.0
GT-146,LLM_prior,D3_resultados_concretos,1.0
GT-146,LLM_prior,D4_consistencia,5.0
GT-146,LLM_prior,no_evaluable,0.0
GT-147,LLM_prior,D1_imryd_conclusiones,1.0
GT-147,LLM_prior,D1_imryd_metodologia,1.0
GT-147,LLM_prior,D1_imryd_objetivo,1.0
GT-147,LLM_prior,D1_imryd_resultados,1.0
GT-147,LLM_prior,D1_orden_logico,1.0
GT-147,LLM_prior,D2_coherencia,4.0
GT-147,LLM_prior,D3_conclusion_responde,1.0
GT-147,LLM_prior,D3_contextualizacion,1.0
GT-147,LLM_prior,D3_metodo_detallado,1.0
GT-147,LLM_prior,D3_resultados_concretos,1.0
GT-147,LLM_prior,D4_consistencia,2.0
GT-147,LLM_prior,no_evaluable,0.0
GT-148,LLM_prior,D1_imryd_conclusiones,1.0
GT-148,LLM_prior,D1_imryd_metodologia,1.0
GT-148,LLM_prior,D1_imryd_objetivo,1.0
GT-148,LLM_prior,D1_imryd_resultados,1.0
GT-148,LLM_prior,D1_orden_logico,1.0
GT-148,LLM_prior,D2_coherencia,4.0
GT-148,LLM_prior,D3_conclusion_responde,1.0
GT-148,LLM_prior,D3_contextualizacion,0.0
GT-148,LLM_prior,D3_metodo_detallado,1.0
GT-148,LLM_prior,D3_resultados_concretos,1.0
GT-148,LLM_prior,D4_consistencia,4.0
GT-148,LLM_prior,no_evaluable,0.0
GT-149,LLM_prior,D1_imryd_conclusiones,1.0
GT-149,LLM_prior,D1_imryd_metodologia,1.0
GT-149,LLM_prior,D1_imryd_objetivo,1.0
GT-149,LLM_prior,D1_imryd_resultados,1.0
GT-149,LLM_prior,D1_orden_logico,1.0
GT-149,LLM_prior,D2_coherencia,4.0
GT-149,LLM_prior,D3_conclusion_responde,1.0
GT-149,LLM_prior,D3_contextualizacion,1.0
GT-149,LLM_prior,D3_metodo_detallado,1.0
GT-149,LLM_prior,D3_resultados_concretos,1.0
GT-149,LLM_prior,D4_consistencia,5.0
GT-149,LLM_prior,no_evaluable,0.0
GT-150,LLM_prior,D1_imryd_conclusiones,1.0
GT-150,LLM_prior,D1_imryd_metodologia,1.0
GT-150,LLM_prior,D1_imryd_objetivo,1.0
GT-150,LLM_prior,D1_imryd_resultados,1.0
GT-150,LLM_prior,D1_orden_logico,1.0
GT-150,LLM_prior,D2_coherencia,4.0
GT-150,LLM_prior,D3_conclusion_responde,1.0
GT-150,LLM_prior,D3_contextualizacion,0.0
GT-150,LLM_prior,D3_metodo_detallado,1.0
GT-150,LLM_prior,D3_resultados_concretos,1.0
GT-150,LLM_prior,D4_consistencia,2.0
GT-150,LLM_prior,no_evaluable,0.0
GT-151,LLM_prior,D1_imryd_conclusiones,1.0
GT-151,LLM_prior,D1_imryd_metodologia,1.0
GT-151,LLM_prior,D1_imryd_objetivo,1.0
GT-151,LLM_prior,D1_imryd_resultados,1.0
GT-151,LLM_prior,D1_orden_logico,1.0
GT-151,LLM_prior,D2_coherencia,1.0
GT-151,LLM_prior,D3_conclusion_responde,1.0
GT-151,LLM_prior,D3_contextualizacion,0.0
GT-151,LLM_prior,D3_metodo_detallado,1.0
GT-151,LLM_prior,D3_resultados_concretos,1.0
GT-151,LLM_prior,D4_consistencia,3.0
GT-151,LLM_prior,no_evaluable,0.0
GT-152,LLM_prior,D1_imryd_conclusiones,1.0
GT-152,LLM_prior,D1_imryd_metodologia,1.0
GT-152,LLM_prior,D1_imryd_objetivo,1.0
GT-152,LLM_prior,D1_imryd_resultados,1.0
GT-152,LLM_prior,D1_orden_logico,1.0
GT-152,LLM_prior,D2_coherencia,4.0
GT-152,LLM_prior,D3_conclusion_responde,1.0
GT-152,LLM_prior,D3_contextualizacion,1.0
GT-152,LLM_prior,D3_metodo_detallado,1.0
GT-152,LLM_prior,D3_resultados_concretos,1.0
GT-152,LLM_prior,D4_consistencia,1.0
GT-152,LLM_prior,no_evaluable,0.0
GT-153,LLM_prior,D1_imryd_conclusiones,1.0
GT-153,LLM_prior,D1_imryd_metodologia,1.0
GT-153,LLM_prior,D1_imryd_objetivo,1.0
GT-153,LLM_prior,D1_imryd_resultados,1.0
GT-153,LLM_prior,D1_orden_logico,1.0
GT-153,LLM_prior,D2_coherencia,4.0
GT-153,LLM_prior,D3_conclusion_responde,1.0
GT-153,LLM_prior,D3_contextualizacion,0.0
GT-153,LLM_prior,D3_metodo_detallado,1.0
GT-153,LLM_prior,D3_resultados_concretos,1.0
GT-153,LLM_prior,D4_consistencia,4.0
GT-153,LLM_prior,no_evaluable,0.0
GT-154,LLM_prior,D1_imryd_conclusiones,0.0
GT-154,LLM_prior,D1_imryd_metodologia,1.0
GT-154,LLM_prior,D1_imryd_objetivo,1.0
GT-154,LLM_prior,D1_imryd_resultados,1.0
GT-154,LLM_prior,D1_orden_logico,1.0
GT-154,LLM_prior,D2_coherencia,3.0
GT-154,LLM_prior,D3_conclusion_responde,0.0
GT-154,LLM_prior,D3_contextualizacion,0.0
GT-154,LLM_prior,D3_metodo_detallado,0.0
GT-154,LLM_prior,D3_resultados_concretos,1.0
GT-154,LLM_prior,D4_consistencia,4.0
GT-154,LLM_prior,no_evaluable,0.0
GT-155,LLM_prior,D1_imryd_conclusiones,0.0
GT-155,LLM_prior,D1_imryd_metodologia,1.0
GT-155,LLM_prior,D1_imryd_objetivo,1.0
GT-155,LLM_prior,D1_imryd_resultados,1.0
GT-155,LLM_prior,D1_orden_logico,1.0
GT-155,LLM_prior,D2_coherencia,2.0
GT-155,LLM_prior,D3_conclusion_responde,0.0
GT-155,LLM_prior,D3_contextualizacion,0.0
GT-155,LLM_prior,D3_metodo_detallado,1.0
GT-155,LLM_prior,D3_resultados_concretos,1.0
GT-155,LLM_prior,D4_consistencia,3.0
GT-155,LLM_prior,no_evaluable,0.0
GT-156,LLM_prior,D1_imryd_conclusiones,0.0
GT-156,LLM_prior,D1_imryd_metodologia,0.0
GT-156,LLM_prior,D1_imryd_objetivo,1.0
GT-156,LLM_prior,D1_imryd_resultados,0.0
GT-156,LLM_prior,D1_orden_logico,0.0
GT-156,LLM_prior,D2_coherencia,3.0
GT-156,LLM_prior,D3_conclusion_responde,0.0
GT-156,LLM_prior,D3_contextualizacion,1.0
GT-156,LLM_prior,D3_metodo_detallado,0.0
GT-156,LLM_prior,D3_resultados_concretos,0.0
GT-156,LLM_prior,no_evaluable,1.0
GT-157,LLM_prior,D1_imryd_conclusiones,0.0
GT-157,LLM_prior,D1_imryd_metodologia,1.0
GT-157,LLM_prior,D1_imryd_objetivo,1.0
GT-157,LLM_prior,D1_imryd_resultados,0.0
GT-157,LLM_prior,D1_orden_logico,1.0
GT-157,LLM_prior,D2_coherencia,2.0
GT-157,LLM_prior,D3_conclusion_responde,0.0
GT-157,LLM_prior,D3_contextualizacion,0.0
GT-157,LLM_prior,D3_metodo_detallado,1.0
GT-157,LLM_prior,D3_resultados_concretos,0.0
GT-157,LLM_prior,D4_consistencia,2.0
GT-157,LLM_prior,no_evaluable,0.0
GT-158,LLM_prior,D1_imryd_conclusiones,1.0
GT-158,LLM_prior,D1_imryd_metodologia,1.0
GT-158,LLM_prior,D1_imryd_objetivo,1.0
GT-158,LLM_prior,D1_imryd_resultados,1.0
GT-158,LLM_prior,D1_orden_logico,1.0
GT-158,LLM_prior,D2_coherencia,4.0
GT-158,LLM_prior,D3_conclusion_responde,1.0
GT-158,LLM_prior,D3_contextualizacion,1.0
GT-158,LLM_prior,D3_metodo_detallado,1.0
GT-158,LLM_prior,D3_resultados_concretos,1.0
GT-158,LLM_prior,D4_consistencia,3.0
GT-158,LLM_prior,no_evaluable,0.0
GT-159,LLM_prior,D1_imryd_conclusiones,1.0
GT-159,LLM_prior,D1_imryd_metodologia,1.0
GT-159,LLM_prior,D1_imryd_objetivo,1.0
GT-159,LLM_prior,D1_imryd_resultados,1.0
GT-159,LLM_prior,D1_orden_logico,1.0
GT-159,LLM_prior,D2_coherencia,4.0
GT-159,LLM_prior,D3_conclusion_responde,1.0
GT-159,LLM_prior,D3_contextualizacion,0.0
GT-159,LLM_prior,D3_metodo_detallado,1.0
GT-159,LLM_prior,D3_resultados_concretos,1.0
GT-159,LLM_prior,D4_consistencia,5.0
GT-159,LLM_prior,no_evaluable,0.0
GT-160,LLM_prior,D1_imryd_conclusiones,1.0
GT-160,LLM_prior,D1_imryd_metodologia,1.0
GT-160,LLM_prior,D1_imryd_objetivo,1.0
GT-160,LLM_prior,D1_imryd_resultados,1.0
GT-160,LLM_prior,D1_orden_logico,1.0
GT-160,LLM_prior,D2_coherencia,4.0
GT-160,LLM_prior,D3_conclusion_responde,1.0
GT-160,LLM_prior,D3_contextualizacion,0.0
GT-160,LLM_prior,D3_metodo_detallado,1.0
GT-160,LLM_prior,D3_resultados_concretos,1.0
GT-160,LLM_prior,D4_consistencia,4.0
GT-160,LLM_prior,no_evaluable,0.0
GT-161,LLM_prior,D1_imryd_conclusiones,1.0
GT-161,LLM_prior,D1_imryd_metodologia,1.0
GT-161,LLM_prior,D1_imryd_objetivo,1.0
GT-161,LLM_prior,D1_imryd_resultados,1.0
GT-161,LLM_prior,D1_orden_logico,1.0
GT-161,LLM_prior,D2_coherencia,2.0
GT-161,LLM_prior,D3_conclusion_responde,1.0
GT-161,LLM_prior,D3_contextualizacion,0.0
GT-161,LLM_prior,D3_metodo_detallado,1.0
GT-161,LLM_prior,D3_resultados_concretos,1.0
GT-161,LLM_prior,D4_consistencia,4.0
GT-161,LLM_prior,no_evaluable,0.0
GT-162,LLM_prior,D1_imryd_conclusiones,1.0
GT-162,LLM_prior,D1_imryd_metodologia,1.0
GT-162,LLM_prior,D1_imryd_objetivo,1.0
GT-162,LLM_prior,D1_imryd_resultados,0.0
GT-162,LLM_prior,D1_orden_logico,1.0
GT-162,LLM_prior,D2_coherencia,2.0
GT-162,LLM_prior,D3_conclusion_responde,1.0
GT-162,LLM_prior,D3_contextualizacion,1.0
GT-162,LLM_prior,D3_metodo_detallado,1.0
GT-162,LLM_prior,D3_resultados_concretos,0.0
GT-162,LLM_prior,D4_consistencia,2.0
GT-162,LLM_prior,no_evaluable,0.0
GT-163,LLM_prior,D1_imryd_conclusiones,0.0
GT-163,LLM_prior,D1_imryd_metodologia,1.0
GT-163,LLM_prior,D1_imryd_objetivo,1.0
GT-163,LLM_prior,D1_imryd_resultados,1.0
GT-163,LLM_prior,D1_orden_logico,1.0
GT-163,LLM_prior,D2_coherencia,4.0
GT-163,LLM_prior,D3_conclusion_responde,0.0
GT-163,LLM_prior,D3_contextualizacion,1.0
GT-163,LLM_prior,D3_metodo_detallado,0.0
GT-163,LLM_prior,D3_resultados_concretos,1.0
GT-163,LLM_prior,D4_consistencia,4.0
GT-163,LLM_prior,no_evaluable,0.0
GT-164,LLM_prior,D1_imryd_conclusiones,1.0
GT-164,LLM_prior,D1_imryd_metodologia,1.0
GT-164,LLM_prior,D1_imryd_objetivo,1.0
GT-164,LLM_prior,D1_imryd_resultados,1.0
GT-164,LLM_prior,D1_orden_logico,1.0
GT-164,LLM_prior,D2_coherencia,4.0
GT-164,LLM_prior,D3_conclusion_responde,1.0
GT-164,LLM_prior,D3_contextualizacion,0.0
GT-164,LLM_prior,D3_metodo_detallado,1.0
GT-164,LLM_prior,D3_resultados_concretos,1.0
GT-164,LLM_prior,D4_consistencia,5.0
GT-164,LLM_prior,no_evaluable,0.0
GT-165,LLM_prior,D1_imryd_conclusiones,1.0
GT-165,LLM_prior,D1_imryd_metodologia,1.0
GT-165,LLM_prior,D1_imryd_objetivo,1.0
GT-165,LLM_prior,D1_imryd_resultados,1.0
GT-165,LLM_prior,D1_orden_logico,1.0
GT-165,LLM_prior,D2_coherencia,4.0
GT-165,LLM_prior,D3_conclusion_responde,1.0
GT-165,LLM_prior,D3_contextualizacion,0.0
GT-165,LLM_prior,D3_metodo_detallado,1.0
GT-165,LLM_prior,D3_resultados_concretos,1.0
GT-165,LLM_prior,D4_consistencia,5.0
GT-165,LLM_prior,no_evaluable,0.0
GT-166,LLM_prior,D1_imryd_conclusiones,1.0
GT-166,LLM_prior,D1_imryd_metodologia,1.0
GT-166,LLM_prior,D1_imryd_objetivo,1.0
GT-166,LLM_prior,D1_imryd_resultados,1.0
GT-166,LLM_prior,D1_orden_logico,1.0
GT-166,LLM_prior,D2_coherencia,3.0
GT-166,LLM_prior,D3_conclusion_responde,1.0
GT-166,LLM_prior,D3_contextualizacion,1.0
GT-166,LLM_prior,D3_metodo_detallado,1.0
GT-166,LLM_prior,D3_resultados_concretos,1.0
GT-166,LLM_prior,D4_consistencia,4.0
GT-166,LLM_prior,no_evaluable,0.0
GT-167,LLM_prior,D1_imryd_conclusiones,1.0
GT-167,LLM_prior,D1_imryd_metodologia,1.0
GT-167,LLM_prior,D1_imryd_objetivo,1.0
GT-167,LLM_prior,D1_imryd_resultados,1.0
GT-167,LLM_prior,D1_orden_logico,1.0
GT-167,LLM_prior,D2_coherencia,4.0
GT-167,LLM_prior,D3_conclusion_responde,1.0
GT-167,LLM_prior,D3_contextualizacion,0.0
GT-167,LLM_prior,D3_metodo_detallado,1.0
GT-167,LLM_prior,D3_resultados_concretos,1.0
GT-167,LLM_prior,D4_consistencia,5.0
GT-167,LLM_prior,no_evaluable,0.0
GT-168,LLM_prior,D1_imryd_conclusiones,1.0
GT-168,LLM_prior,D1_imryd_metodologia,1.0
GT-168,LLM_prior,D1_imryd_objetivo,1.0
GT-168,LLM_prior,D1_imryd_resultados,1.0
GT-168,LLM_prior,D1_orden_logico,1.0
GT-168,LLM_prior,D2_coherencia,3.0
GT-168,LLM_prior,D3_conclusion_responde,1.0
GT-168,LLM_prior,D3_contextualizacion,0.0
GT-168,LLM_prior,D3_metodo_detallado,1.0
GT-168,LLM_prior,D3_resultados_concretos,1.0
GT-168,LLM_prior,D4_consistencia,3.0
GT-168,LLM_prior,no_evaluable,0.0
GT-169,LLM_prior,D1_imryd_conclusiones,1.0
GT-169,LLM_prior,D1_imryd_metodologia,0.0
GT-169,LLM_prior,D1_imryd_objetivo,1.0
GT-169,LLM_prior,D1_imryd_resultados,1.0
GT-169,LLM_prior,D1_orden_logico,1.0
GT-169,LLM_prior,D2_coherencia,1.0
GT-169,LLM_prior,D3_conclusion_responde,1.0
GT-169,LLM_prior,D3_contextualizacion,0.0
GT-169,LLM_prior,D3_metodo_detallado,0.0
GT-169,LLM_prior,D3_resultados_concretos,1.0
GT-169,LLM_prior,D4_consistencia,3.0
GT-169,LLM_prior,no_evaluable,0.0
GT-170,LLM_prior,D1_imryd_conclusiones,1.0
GT-170,LLM_prior,D1_imryd_metodologia,1.0
GT-170,LLM_prior,D1_imryd_objetivo,1.0
GT-170,LLM_prior,D1_imryd_resultados,1.0
GT-170,LLM_prior,D1_orden_logico,1.0
GT-170,LLM_prior,D2_coherencia,4.0
GT-170,LLM_prior,D3_conclusion_responde,1.0
GT-170,LLM_prior,D3_contextualizacion,1.0
GT-170,LLM_prior,D3_metodo_detallado,1.0
GT-170,LLM_prior,D3_resultados_concretos,0.0
GT-170,LLM_prior,D4_consistencia,3.0
GT-170,LLM_prior,no_evaluable,0.0
GT-171,LLM_prior,D1_imryd_conclusiones,1.0
GT-171,LLM_prior,D1_imryd_metodologia,1.0
GT-171,LLM_prior,D1_imryd_objetivo,1.0
GT-171,LLM_prior,D1_imryd_resultados,0.0
GT-171,LLM_prior,D1_orden_logico,1.0
GT-171,LLM_prior,D2_coherencia,3.0
GT-171,LLM_prior,D3_conclusion_responde,1.0
GT-171,LLM_prior,D3_contextualizacion,0.0
GT-171,LLM_prior,D3_metodo_detallado,1.0
GT-171,LLM_prior,D3_resultados_concretos,0.0
GT-171,LLM_prior,D4_consistencia,2.0
GT-171,LLM_prior,no_evaluable,0.0
GT-172,LLM_prior,D1_imryd_conclusiones,1.0
GT-172,LLM_prior,D1_imryd_metodologia,1.0
GT-172,LLM_prior,D1_imryd_objetivo,1.0
GT-172,LLM_prior,D1_imryd_resultados,1.0
GT-172,LLM_prior,D1_orden_logico,1.0
GT-172,LLM_prior,D2_coherencia,4.0
GT-172,LLM_prior,D3_conclusion_responde,1.0
GT-172,LLM_prior,D3_contextualizacion,1.0
GT-172,LLM_prior,D3_metodo_detallado,1.0
GT-172,LLM_prior,D3_resultados_concretos,1.0
GT-172,LLM_prior,D4_consistencia,4.0
GT-172,LLM_prior,no_evaluable,0.0
GT-173,LLM_prior,D1_imryd_conclusiones,1.0
GT-173,LLM_prior,D1_imryd_metodologia,1.0
GT-173,LLM_prior,D1_imryd_objetivo,1.0
GT-173,LLM_prior,D1_imryd_resultados,1.0
GT-173,LLM_prior,D1_orden_logico,1.0
GT-173,LLM_prior,D2_coherencia,3.0
GT-173,LLM_prior,D3_conclusion_responde,1.0
GT-173,LLM_prior,D3_contextualizacion,1.0
GT-173,LLM_prior,D3_metodo_detallado,0.0
GT-173,LLM_prior,D3_resultados_concretos,1.0
GT-173,LLM_prior,D4_consistencia,1.0
GT-173,LLM_prior,no_evaluable,0.0
GT-174,LLM_prior,D1_imryd_conclusiones,1.0
GT-174,LLM_prior,D1_imryd_metodologia,1.0
GT-174,LLM_prior,D1_imryd_objetivo,1.0
GT-174,LLM_prior,D1_imryd_resultados,1.0
GT-174,LLM_prior,D1_orden_logico,1.0
GT-174,LLM_prior,D2_coherencia,4.0
GT-174,LLM_prior,D3_conclusion_responde,1.0
GT-174,LLM_prior,D3_contextualizacion,0.0
GT-174,LLM_prior,D3_metodo_detallado,1.0
GT-174,LLM_prior,D3_resultados_concretos,1.0
GT-174,LLM_prior,D4_consistencia,5.0
GT-174,LLM_prior,no_evaluable,0.0
GT-175,LLM_prior,D1_imryd_conclusiones,1.0
GT-175,LLM_prior,D1_imryd_metodologia,1.0
GT-175,LLM_prior,D1_imryd_objetivo,1.0
GT-175,LLM_prior,D1_imryd_resultados,1.0
GT-175,LLM_prior,D1_orden_logico,1.0
GT-175,LLM_prior,D2_coherencia,4.0
GT-175,LLM_prior,D3_conclusion_responde,1.0
GT-175,LLM_prior,D3_contextualizacion,0.0
GT-175,LLM_prior,D3_metodo_detallado,1.0
GT-175,LLM_prior,D3_resultados_concretos,1.0
GT-175,LLM_prior,D4_consistencia,3.0
GT-175,LLM_prior,no_evaluable,0.0
GT-176,LLM_prior,D1_imryd_conclusiones,1.0
GT-176,LLM_prior,D1_imryd_metodologia,1.0
GT-176,LLM_prior,D1_imryd_objetivo,1.0
GT-176,LLM_prior,D1_imryd_resultados,1.0
GT-176,LLM_prior,D1_orden_logico,1.0
GT-176,LLM_prior,D2_coherencia,5.0
GT-176,LLM_prior,D3_conclusion_responde,1.0
GT-176,LLM_prior,D3_contextualizacion,1.0
GT-176,LLM_prior,D3_metodo_detallado,1.0
GT-176,LLM_prior,D3_resultados_concretos,1.0
GT-176,LLM_prior,D4_consistencia,5.0
GT-176,LLM_prior,no_evaluable,0.0
GT-177,LLM_prior,D1_imryd_conclusiones,1.0
GT-177,LLM_prior,D1_imryd_metodologia,0.0
GT-177,LLM_prior,D1_imryd_objetivo,1.0
GT-177,LLM_prior,D1_imryd_resultados,1.0
GT-177,LLM_prior,D1_orden_logico,1.0
GT-177,LLM_prior,D2_coherencia,2.0
GT-177,LLM_prior,D3_conclusion_responde,1.0
GT-177,LLM_prior,D3_contextualizacion,1.0
GT-177,LLM_prior,D3_metodo_detallado,0.0
GT-177,LLM_prior,D3_resultados_concretos,1.0
GT-177,LLM_prior,no_evaluable,1.0
GT-178,LLM_prior,D1_imryd_conclusiones,0.0
GT-178,LLM_prior,D1_imryd_metodologia,0.0
GT-178,LLM_prior,D1_imryd_objetivo,1.0
GT-178,LLM_prior,D1_imryd_resultados,0.0
GT-178,LLM_prior,D1_orden_logico,0.0
GT-178,LLM_prior,D2_coherencia,3.0
GT-178,LLM_prior,D3_conclusion_responde,0.0
GT-178,LLM_prior,D3_contextualizacion,1.0
GT-178,LLM_prior,D3_metodo_detallado,0.0
GT-178,LLM_prior,D3_resultados_concretos,0.0
GT-178,LLM_prior,no_evaluable,1.0
GT-179,LLM_prior,D1_imryd_conclusiones,1.0
GT-179,LLM_prior,D1_imryd_metodologia,1.0
GT-179,LLM_prior,D1_imryd_objetivo,1.0
GT-179,LLM_prior,D1_imryd_resultados,1.0
GT-179,LLM_prior,D1_orden_logico,1.0
GT-179,LLM_prior,D2_coherencia,4.0
GT-179,LLM_prior,D3_conclusion_responde,1.0
GT-179,LLM_prior,D3_contextualizacion,0.0
GT-179,LLM_prior,D3_metodo_detallado,1.0
GT-179,LLM_prior,D3_resultados_concretos,1.0
GT-179,LLM_prior,D4_consistencia,5.0
GT-179,LLM_prior,no_evaluable,0.0
GT-180,LLM_prior,D1_imryd_conclusiones,1.0
GT-180,LLM_prior,D1_imryd_metodologia,1.0
GT-180,LLM_prior,D1_imryd_objetivo,1.0
GT-180,LLM_prior,D1_imryd_resultados,1.0
GT-180,LLM_prior,D1_orden_logico,1.0
GT-180,LLM_prior,D2_coherencia,4.0
GT-180,LLM_prior,D3_conclusion_responde,1.0
GT-180,LLM_prior,D3_contextualizacion,1.0
GT-180,LLM_prior,D3_metodo_detallado,1.0
GT-180,LLM_prior,D3_resultados_concretos,1.0
GT-180,LLM_prior,D4_consistencia,3.0
GT-180,LLM_prior,no_evaluable,0.0
GT-181,LLM_prior,D1_imryd_conclusiones,1.0
GT-181,LLM_prior,D1_imryd_metodologia,1.0
GT-181,LLM_prior,D1_imryd_objetivo,1.0
GT-181,LLM_prior,D1_imryd_resultados,1.0
GT-181,LLM_prior,D1_orden_logico,1.0
GT-181,LLM_prior,D2_coherencia,5.0
GT-181,LLM_prior,D3_conclusion_responde,1.0
GT-181,LLM_prior,D3_contextualizacion,0.0
GT-181,LLM_prior,D3_metodo_detallado,1.0
GT-181,LLM_prior,D3_resultados_concretos,1.0
GT-181,LLM_prior,D4_consistencia,5.0
GT-181,LLM_prior,no_evaluable,0.0
GT-182,LLM_prior,D1_imryd_conclusiones,1.0
GT-182,LLM_prior,D1_imryd_metodologia,1.0
GT-182,LLM_prior,D1_imryd_objetivo,1.0
GT-182,LLM_prior,D1_imryd_resultados,1.0
GT-182,LLM_prior,D1_orden_logico,1.0
GT-182,LLM_prior,D2_coherencia,3.0
GT-182,LLM_prior,D3_conclusion_responde,1.0
GT-182,LLM_prior,D3_contextualizacion,1.0
GT-182,LLM_prior,D3_metodo_detallado,1.0
GT-182,LLM_prior,D3_resultados_concretos,1.0
GT-182,LLM_prior,D4_consistencia,3.0
GT-182,LLM_prior,no_evaluable,0.0
GT-183,LLM_prior,D1_imryd_conclusiones,0.0
GT-183,LLM_prior,D1_imryd_metodologia,0.0
GT-183,LLM_prior,D1_imryd_objetivo,1.0
GT-183,LLM_prior,D1_imryd_resultados,1.0
GT-183,LLM_prior,D1_orden_logico,1.0
GT-183,LLM_prior,D2_coherencia,4.0
GT-183,LLM_prior,D3_conclusion_responde,0.0
GT-183,LLM_prior,D3_contextualizacion,1.0
GT-183,LLM_prior,D3_metodo_detallado,0.0
GT-183,LLM_prior,D3_resultados_concretos,1.0
GT-183,LLM_prior,no_evaluable,1.0
GT-184,LLM_prior,D1_imryd_conclusiones,1.0
GT-184,LLM_prior,D1_imryd_metodologia,1.0
GT-184,LLM_prior,D1_imryd_objetivo,1.0
GT-184,LLM_prior,D1_imryd_resultados,1.0
GT-184,LLM_prior,D1_orden_logico,1.0
GT-184,LLM_prior,D2_coherencia,3.0
GT-184,LLM_prior,D3_conclusion_responde,1.0
GT-184,LLM_prior,D3_contextualizacion,1.0
GT-184,LLM_prior,D3_metodo_detallado,1.0
GT-184,LLM_prior,D3_resultados_concretos,1.0
GT-184,LLM_prior,D4_consistencia,3.0
GT-184,LLM_prior,no_evaluable,0.0
GT-185,LLM_prior,D1_imryd_conclusiones,1.0
GT-185,LLM_prior,D1_imryd_metodologia,1.0
GT-185,LLM_prior,D1_imryd_objetivo,1.0
GT-185,LLM_prior,D1_imryd_resultados,1.0
GT-185,LLM_prior,D1_orden_logico,1.0
GT-185,LLM_prior,D2_coherencia,4.0
GT-185,LLM_prior,D3_conclusion_responde,1.0
GT-185,LLM_prior,D3_contextualizacion,0.0
GT-185,LLM_prior,D3_metodo_detallado,1.0
GT-185,LLM_prior,D3_resultados_concretos,1.0
GT-185,LLM_prior,D4_consistencia,5.0
GT-185,LLM_prior,no_evaluable,0.0
GT-186,LLM_prior,D1_imryd_conclusiones,1.0
GT-186,LLM_prior,D1_imryd_metodologia,1.0
GT-186,LLM_prior,D1_imryd_objetivo,1.0
GT-186,LLM_prior,D1_imryd_resultados,1.0
GT-186,LLM_prior,D1_orden_logico,1.0
GT-186,LLM_prior,D2_coherencia,2.0
GT-186,LLM_prior,D3_conclusion_responde,1.0
GT-186,LLM_prior,D3_contextualizacion,0.0
GT-186,LLM_prior,D3_metodo_detallado,1.0
GT-186,LLM_prior,D3_resultados_concretos,1.0
GT-186,LLM_prior,D4_consistencia,2.0
GT-186,LLM_prior,no_evaluable,0.0
GT-187,LLM_prior,D1_imryd_conclusiones,1.0
GT-187,LLM_prior,D1_imryd_metodologia,1.0
GT-187,LLM_prior,D1_imryd_objetivo,1.0
GT-187,LLM_prior,D1_imryd_resultados,1.0
GT-187,LLM_prior,D1_orden_logico,1.0
GT-187,LLM_prior,D2_coherencia,3.0
GT-187,LLM_prior,D3_conclusion_responde,1.0
GT-187,LLM_prior,D3_contextualizacion,1.0
GT-187,LLM_prior,D3_metodo_detallado,1.0
GT-187,LLM_prior,D3_resultados_concretos,1.0
GT-187,LLM_prior,D4_consistencia,4.0
GT-187,LLM_prior,no_evaluable,0.0
GT-188,LLM_prior,D1_imryd_conclusiones,1.0
GT-188,LLM_prior,D1_imryd_metodologia,1.0
GT-188,LLM_prior,D1_imryd_objetivo,1.0
GT-188,LLM_prior,D1_imryd_resultados,1.0
GT-188,LLM_prior,D1_orden_logico,1.0
GT-188,LLM_prior,D2_coherencia,3.0
GT-188,LLM_prior,D3_conclusion_responde,1.0
GT-188,LLM_prior,D3_contextualizacion,0.0
GT-188,LLM_prior,D3_metodo_detallado,1.0
GT-188,LLM_prior,D3_resultados_concretos,1.0
GT-188,LLM_prior,D4_consistencia,3.0
GT-188,LLM_prior,no_evaluable,0.0
GT-189,LLM_prior,D1_imryd_conclusiones,1.0
GT-189,LLM_prior,D1_imryd_metodologia,1.0
GT-189,LLM_prior,D1_imryd_objetivo,1.0
GT-189,LLM_prior,D1_imryd_resultados,1.0
GT-189,LLM_prior,D1_orden_logico,1.0
GT-189,LLM_prior,D2_coherencia,5.0
GT-189,LLM_prior,D3_conclusion_responde,1.0
GT-189,LLM_prior,D3_contextualizacion,1.0
GT-189,LLM_prior,D3_metodo_detallado,1.0
GT-189,LLM_prior,D3_resultados_concretos,1.0
GT-189,LLM_prior,D4_consistencia,5.0
GT-189,LLM_prior,no_evaluable,0.0
GT-190,LLM_prior,D1_imryd_conclusiones,1.0
GT-190,LLM_prior,D1_imryd_metodologia,1.0
GT-190,LLM_prior,D1_imryd_objetivo,1.0
GT-190,LLM_prior,D1_imryd_resultados,1.0
GT-190,LLM_prior,D1_orden_logico,1.0
GT-190,LLM_prior,D2_coherencia,1.0
GT-190,LLM_prior,D3_conclusion_responde,1.0
GT-190,LLM_prior,D3_contextualizacion,0.0
GT-190,LLM_prior,D3_metodo_detallado,1.0
GT-190,LLM_prior,D3_resultados_concretos,1.0
GT-190,LLM_prior,D4_consistencia,4.0
GT-190,LLM_prior,no_evaluable,0.0
GT-191,LLM_prior,D1_imryd_conclusiones,0.0
GT-191,LLM_prior,D1_imryd_metodologia,1.0
GT-191,LLM_prior,D1_imryd_objetivo,1.0
GT-191,LLM_prior,D1_imryd_resultados,0.0
GT-191,LLM_prior,D1_orden_logico,1.0
GT-191,LLM_prior,D2_coherencia,4.0
GT-191,LLM_prior,D3_conclusion_responde,0.0
GT-191,LLM_prior,D3_contextualizacion,1.0
GT-191,LLM_prior,D3_metodo_detallado,1.0
GT-191,LLM_prior,D3_resultados_concretos,0.0
GT-191,LLM_prior,D4_consistencia,4.0
GT-191,LLM_prior,no_evaluable,0.0
GT-192,LLM_prior,D1_imryd_conclusiones,1.0
GT-192,LLM_prior,D1_imryd_metodologia,1.0
GT-192,LLM_prior,D1_imryd_objetivo,1.0
GT-192,LLM_prior,D1_imryd_resultados,1.0
GT-192,LLM_prior,D1_orden_logico,1.0
GT-192,LLM_prior,D2_coherencia,4.0
GT-192,LLM_prior,D3_conclusion_responde,1.0
GT-192,LLM_prior,D3_contextualizacion,0.0
GT-192,LLM_prior,D3_metodo_detallado,1.0
GT-192,LLM_prior,D3_resultados_concretos,1.0
GT-192,LLM_prior,D4_consistencia,5.0
GT-192,LLM_prior,no_evaluable,0.0
GT-193,LLM_prior,D1_imryd_conclusiones,0.0
GT-193,LLM_prior,D1_imryd_metodologia,1.0
GT-193,LLM_prior,D1_imryd_objetivo,1.0
GT-193,LLM_prior,D1_imryd_resultados,1.0
GT-193,LLM_prior,D1_orden_logico,1.0
GT-193,LLM_prior,D2_coherencia,3.0
GT-193,LLM_prior,D3_conclusion_responde,0.0
GT-193,LLM_prior,D3_contextualizacion,0.0
GT-193,LLM_prior,D3_metodo_detallado,1.0
GT-193,LLM_prior,D3_resultados_concretos,1.0
GT-193,LLM_prior,D4_consistencia,4.0
GT-193,LLM_prior,no_evaluable,0.0
GT-194,LLM_prior,D1_imryd_conclusiones,1.0
GT-194,LLM_prior,D1_imryd_metodologia,1.0
GT-194,LLM_prior,D1_imryd_objetivo,1.0
GT-194,LLM_prior,D1_imryd_resultados,1.0
GT-194,LLM_prior,D1_orden_logico,1.0
GT-194,LLM_prior,D2_coherencia,3.0
GT-194,LLM_prior,D3_conclusion_responde,1.0
GT-194,LLM_prior,D3_contextualizacion,0.0
GT-194,LLM_prior,D3_metodo_detallado,1.0
GT-194,LLM_prior,D3_resultados_concretos,1.0
GT-194,LLM_prior,D4_consistencia,5.0
GT-194,LLM_prior,no_evaluable,0.0
GT-195,LLM_prior,D1_imryd_conclusiones,1.0
GT-195,LLM_prior,D1_imryd_metodologia,1.0
GT-195,LLM_prior,D1_imryd_objetivo,1.0
GT-195,LLM_prior,D1_imryd_resultados,1.0
GT-195,LLM_prior,D1_orden_logico,1.0
GT-195,LLM_prior,D2_coherencia,5.0
GT-195,LLM_prior,D3_conclusion_responde,1.0
GT-195,LLM_prior,D3_contextualizacion,0.0
GT-195,LLM_prior,D3_metodo_detallado,1.0
GT-195,LLM_prior,D3_resultados_concretos,1.0
GT-195,LLM_prior,D4_consistencia,5.0
GT-195,LLM_prior,no_evaluable,0.0
GT-196,LLM_prior,D1_imryd_conclusiones,0.0
GT-196,LLM_prior,D1_imryd_metodologia,0.0
GT-196,LLM_prior,D1_imryd_objetivo,1.0
GT-196,LLM_prior,D1_imryd_resultados,1.0
GT-196,LLM_prior,D1_orden_logico,1.0
GT-196,LLM_prior,D2_coherencia,3.0
GT-196,LLM_prior,D3_conclusion_responde,0.0
GT-196,LLM_prior,D3_contextualizacion,1.0
GT-196,LLM_prior,D3_metodo_detallado,0.0
GT-196,LLM_prior,D3_resultados_concretos,0.0
GT-196,LLM_prior,no_evaluable,1.0
GT-197,LLM_prior,D1_imryd_conclusiones,0.0
GT-197,LLM_prior,D1_imryd_metodologia,1.0
GT-197,LLM_prior,D1_imryd_objetivo,1.0
GT-197,LLM_prior,D1_imryd_resultados,1.0
GT-197,LLM_prior,D1_orden_logico,1.0
GT-197,LLM_prior,D2_coherencia,3.0
GT-197,LLM_prior,D3_conclusion_responde,0.0
GT-197,LLM_prior,D3_contextualizacion,0.0
GT-197,LLM_prior,D3_metodo_detallado,1.0
GT-197,LLM_prior,D3_resultados_concretos,1.0
GT-197,LLM_prior,D4_consistencia,2.0
GT-197,LLM_prior,no_evaluable,0.0
GT-198,LLM_prior,D1_imryd_conclusiones,1.0
GT-198,LLM_prior,D1_imryd_metodologia,1.0
GT-198,LLM_prior,D1_imryd_objetivo,1.0
GT-198,LLM_prior,D1_imryd_resultados,1.0
GT-198,LLM_prior,D1_orden_logico,1.0
GT-198,LLM_prior,D2_coherencia,1.0
GT-198,LLM_prior,D3_conclusion_responde,1.0
GT-198,LLM_prior,D3_contextualizacion,0.0
GT-198,LLM_prior,D3_metodo_detallado,1.0
GT-198,LLM_prior,D3_resultados_concretos,1.0
GT-198,LLM_prior,D4_consistencia,4.0
GT-198,LLM_prior,no_evaluable,0.0
GT-199,LLM_prior,D1_imryd_conclusiones,0.0
GT-199,LLM_prior,D1_imryd_metodologia,1.0
GT-199,LLM_prior,D1_imryd_objetivo,1.0
GT-199,LLM_prior,D1_imryd_resultados,0.0
GT-199,LLM_prior,D1_orden_logico,1.0
GT-199,LLM_prior,D2_coherencia,3.0
GT-199,LLM_prior,D3_conclusion_responde,0.0
GT-199,LLM_prior,D3_contextualizacion,0.0
GT-199,LLM_prior,D3_metodo_detallado,1.0
GT-199,LLM_prior,D3_resultados_concretos,0.0
GT-199,LLM_prior,D4_consistencia,2.0
GT-199,LLM_prior,no_evaluable,0.0
GT-200,LLM_prior,D1_imryd_conclusiones,1.0
GT-200,LLM_prior,D1_imryd_metodologia,1.0
GT-200,LLM_prior,D1_imryd_objetivo,1.0
GT-200,LLM_prior,D1_imryd_resultados,1.0
GT-200,LLM_prior,D1_orden_logico,1.0
GT-200,LLM_prior,D2_coherencia,5.0
GT-200,LLM_prior,D3_conclusion_responde,1.0
GT-200,LLM_prior,D3_contextualizacion,0.0
GT-200,LLM_prior,D3_metodo_detallado,1.0
GT-200,LLM_prior,D3_resultados_concretos,1.0
GT-200,LLM_prior,D4_consistencia,4.0
GT-200,LLM_prior,no_evaluable,0.0
GT-201,LLM_prior,no_evaluable,1.0
GT-202,LLM_prior,D1_imryd_conclusiones,0.0
GT-202,LLM_prior,D1_imryd_metodologia,1.0
GT-202,LLM_prior,D1_imryd_objetivo,1.0
GT-202,LLM_prior,D1_imryd_resultados,1.0
GT-202,LLM_prior,D1_orden_logico,1.0
GT-202,LLM_prior,D2_coherencia,4.0
GT-202,LLM_prior,D3_conclusion_responde,0.0
GT-202,LLM_prior,D3_contextualizacion,0.0
GT-202,LLM_prior,D3_metodo_detallado,1.0
GT-202,LLM_prior,D3_resultados_concretos,1.0
GT-202,LLM_prior,D4_consistencia,4.0
GT-202,LLM_prior,no_evaluable,0.0
GT-203,LLM_prior,D1_imryd_conclusiones,1.0
GT-203,LLM_prior,D1_imryd_metodologia,1.0
GT-203,LLM_prior,D1_imryd_objetivo,1.0
GT-203,LLM_prior,D1_imryd_resultados,0.0
GT-203,LLM_prior,D1_orden_logico,1.0
GT-203,LLM_prior,D2_coherencia,3.0
GT-203,LLM_prior,D3_conclusion_responde,1.0
GT-203,LLM_prior,D3_contextualizacion,1.0
GT-203,LLM_prior,D3_metodo_detallado,1.0
GT-203,LLM_prior,D3_resultados_concretos,0.0
GT-203,LLM_prior,D4_consistencia,2.0
GT-203,LLM_prior,no_evaluable,0.0
GT-204,LLM_prior,D1_imryd_conclusiones,1.0
GT-204,LLM_prior,D1_imryd_metodologia,1.0
GT-204,LLM_prior,D1_imryd_objetivo,1.0
GT-204,LLM_prior,D1_imryd_resultados,1.0
GT-204,LLM_prior,D1_orden_logico,1.0
GT-204,LLM_prior,D2_coherencia,4.0
GT-204,LLM_prior,D3_conclusion_responde,1.0
GT-204,LLM_prior,D3_contextualizacion,0.0
GT-204,LLM_prior,D3_metodo_detallado,0.0
GT-204,LLM_prior,D3_resultados_concretos,1.0
GT-204,LLM_prior,D4_consistencia,4.0
GT-204,LLM_prior,no_evaluable,0.0
GT-205,LLM_prior,D1_imryd_conclusiones,1.0
GT-205,LLM_prior,D1_imryd_metodologia,1.0
GT-205,LLM_prior,D1_imryd_objetivo,1.0
GT-205,LLM_prior,D1_imryd_resultados,1.0
GT-205,LLM_prior,D1_orden_logico,1.0
GT-205,LLM_prior,D2_coherencia,4.0
GT-205,LLM_prior,D3_conclusion_responde,1.0
GT-205,LLM_prior,D3_contextualizacion,0.0
GT-205,LLM_prior,D3_metodo_detallado,1.0
GT-205,LLM_prior,D3_resultados_concretos,1.0
GT-205,LLM_prior,D4_consistencia,3.0
GT-205,LLM_prior,no_evaluable,0.0
GT-206,LLM_prior,D1_imryd_conclusiones,1.0
GT-206,LLM_prior,D1_imryd_metodologia,1.0
GT-206,LLM_prior,D1_imryd_objetivo,1.0
GT-206,LLM_prior,D1_imryd_resultados,1.0
GT-206,LLM_prior,D1_orden_logico,1.0
GT-206,LLM_prior,D2_coherencia,3.0
GT-206,LLM_prior,D3_conclusion_responde,1.0
GT-206,LLM_prior,D3_contextualizacion,0.0
GT-206,LLM_prior,D3_metodo_detallado,1.0
GT-206,LLM_prior,D3_resultados_concretos,1.0
GT-206,LLM_prior,D4_consistencia,4.0
GT-206,LLM_prior,no_evaluable,0.0
GT-207,LLM_prior,D1_imryd_conclusiones,1.0
GT-207,LLM_prior,D1_imryd_metodologia,1.0
GT-207,LLM_prior,D1_imryd_objetivo,1.0
GT-207,LLM_prior,D1_imryd_resultados,1.0
GT-207,LLM_prior,D1_orden_logico,0.0
GT-207,LLM_prior,D2_coherencia,1.0
GT-207,LLM_prior,D3_conclusion_responde,1.0
GT-207,LLM_prior,D3_contextualizacion,0.0
GT-207,LLM_prior,D3_metodo_detallado,0.0
GT-207,LLM_prior,D3_resultados_concretos,1.0
GT-207,LLM_prior,D4_consistencia,2.0
GT-207,LLM_prior,no_evaluable,0.0
GT-208,LLM_prior,D1_imryd_conclusiones,1.0
GT-208,LLM_prior,D1_imryd_metodologia,1.0
GT-208,LLM_prior,D1_imryd_objetivo,1.0
GT-208,LLM_prior,D1_imryd_resultados,1.0
GT-208,LLM_prior,D1_orden_logico,1.0
GT-208,LLM_prior,D2_coherencia,1.0
GT-208,LLM_prior,D3_conclusion_responde,1.0
GT-208,LLM_prior,D3_contextualizacion,0.0
GT-208,LLM_prior,D3_metodo_detallado,1.0
GT-208,LLM_prior,D3_resultados_concretos,1.0
GT-208,LLM_prior,D4_consistencia,5.0
GT-208,LLM_prior,no_evaluable,0.0
GT-209,LLM_prior,no_evaluable,1.0
GT-210,LLM_prior,D1_imryd_conclusiones,1.0
GT-210,LLM_prior,D1_imryd_metodologia,1.0
GT-210,LLM_prior,D1_imryd_objetivo,1.0
GT-210,LLM_prior,D1_imryd_resultados,1.0
GT-210,LLM_prior,D1_orden_logico,0.0
GT-210,LLM_prior,D2_coherencia,3.0
GT-210,LLM_prior,D3_conclusion_responde,1.0
GT-210,LLM_prior,D3_contextualizacion,0.0
GT-210,LLM_prior,D3_metodo_detallado,1.0
GT-210,LLM_prior,D3_resultados_concretos,1.0
GT-210,LLM_prior,D4_consistencia,4.0
GT-210,LLM_prior,no_evaluable,0.0
GT-211,LLM_prior,D1_imryd_conclusiones,1.0
GT-211,LLM_prior,D1_imryd_metodologia,1.0
GT-211,LLM_prior,D1_imryd_objetivo,1.0
GT-211,LLM_prior,D1_imryd_resultados,1.0
GT-211,LLM_prior,D1_orden_logico,1.0
GT-211,LLM_prior,D2_coherencia,4.0
GT-211,LLM_prior,D3_conclusion_responde,1.0
GT-211,LLM_prior,D3_contextualizacion,1.0
GT-211,LLM_prior,D3_metodo_detallado,1.0
GT-211,LLM_prior,D3_resultados_concretos,1.0
GT-211,LLM_prior,D4_consistencia,2.0
GT-211,LLM_prior,no_evaluable,0.0
GT-212,LLM_prior,D1_imryd_conclusiones,1.0
GT-212,LLM_prior,D1_imryd_metodologia,1.0
GT-212,LLM_prior,D1_imryd_objetivo,1.0
GT-212,LLM_prior,D1_imryd_resultados,1.0
GT-212,LLM_prior,D1_orden_logico,1.0
GT-212,LLM_prior,D2_coherencia,5.0
GT-212,LLM_prior,D3_conclusion_responde,1.0
GT-212,LLM_prior,D3_contextualizacion,1.0
GT-212,LLM_prior,D3_metodo_detallado,1.0
GT-212,LLM_prior,D3_resultados_concretos,1.0
GT-212,LLM_prior,D4_consistencia,5.0
GT-212,LLM_prior,no_evaluable,0.0
GT-213,LLM_prior,D1_imryd_conclusiones,0.0
GT-213,LLM_prior,D1_imryd_metodologia,0.0
GT-213,LLM_prior,D1_imryd_objetivo,1.0
GT-213,LLM_prior,D1_imryd_resultados,0.0
GT-213,LLM_prior,D1_orden_logico,0.0
GT-213,LLM_prior,D2_coherencia,3.0
GT-213,LLM_prior,D3_conclusion_responde,0.0
GT-213,LLM_prior,D3_contextualizacion,1.0
GT-213,LLM_prior,D3_metodo_detallado,0.0
GT-213,LLM_prior,D3_resultados_concretos,0.0
GT-213,LLM_prior,no_evaluable,1.0
GT-214,LLM_prior,D1_imryd_conclusiones,1.0
GT-214,LLM_prior,D1_imryd_metodologia,1.0
GT-214,LLM_prior,D1_imryd_objetivo,1.0
GT-214,LLM_prior,D1_imryd_resultados,1.0
GT-214,LLM_prior,D1_orden_logico,1.0
GT-214,LLM_prior,D2_coherencia,5.0
GT-214,LLM_prior,D3_conclusion_responde,1.0
GT-214,LLM_prior,D3_contextualizacion,1.0
GT-214,LLM_prior,D3_metodo_detallado,1.0
GT-214,LLM_prior,D3_resultados_concretos,1.0
GT-214,LLM_prior,D4_consistencia,5.0
GT-214,LLM_prior,no_evaluable,0.0
GT-215,LLM_prior,D1_imryd_conclusiones,1.0
GT-215,LLM_prior,D1_imryd_metodologia,1.0
GT-215,LLM_prior,D1_imryd_objetivo,1.0
GT-215,LLM_prior,D1_imryd_resultados,0.0
GT-215,LLM_prior,D1_orden_logico,1.0
GT-215,LLM_prior,D2_coherencia,3.0
GT-215,LLM_prior,D3_conclusion_responde,1.0
GT-215,LLM_prior,D3_contextualizacion,0.0
GT-215,LLM_prior,D3_metodo_detallado,1.0
GT-215,LLM_prior,D3_resultados_concretos,0.0
GT-215,LLM_prior,D4_consistencia,2.0
GT-215,LLM_prior,no_evaluable,0.0
